{
  "EENF": {
    "tau": 0.0035,
    "calibration_quantile": 0.95,
    "_note": "Set to 95th quantile of per-attribute mean variance (regenerations)."
  },
  "AANF": {
    "tau": 0.90,
    "_note": "Keep conservative; requires evidence + ontology to declare aliases."
  },
  "CMNF": {
    "tau": 0.09,
    "calibration_quantile": 0.95,
    "_note": "Bootstrap contamination 95th quantile; increase orthogonalize_iters if you want stricter bound."
  },
  "DBNF": {
    "global_tau": 0.33,
    "calibration_quantile": 0.95,
    "adaptive_multiplier": 3.2,
    "min_alias_count": 3,
    "_note": "Global tau set to 95th quantile of simulated per-attribute drifts; adaptive_multiplier scales per-attribute tau from variance."
  },
  "ECNF": {
    "m_min": 3,
    "score_threshold": 0.60,
    "strong_score_threshold": 0.78,
    "require_distinct_signals": 2,
    "_note": "ECNF remains per-merge; supply evidence_summary to validator.run_all only for global reporting."
  },
  "decision_policy": {
    "dbnf_fail_fraction": 0.6,
    "dbnf_median_factor": 3.0,
    "auto_merge_min_score": 0.80,
    "auto_merge_min_count": 4,
    "_note": "Raise median_factor to reduce deployment blocks from isolated attribute drift."
  }
}
