fn_id,source_field,target_field,semantic_score,context_signature,model_reason,human_decision (ACCEPT/REJECT/HOLD),human_comments,record_type,DecisionType,CanonicalNode,Track,EvidenceScore,EmbeddingSimilarity,NameSimilarity,HardVetoes,PromotionRule,AuditFlags,ExpectedSchemaTruth(bool)
TP_0001,INAmex.CardHolderName,PPVisa.cardholder,0.6822430267510532,,alias_hit_promotion:score=0.6822,,,TP,ACCEPT_MERGE,cardholder_name,discovery,0.6822430267510532,0.6635515050030092,0.0,,alias_overlap_promotion,,True
TP_0002,INAmex.CardHolderName,PPVisa.cardholder,0.6822430267510532,,alias_hit_promotion:score=0.6822,,,TP,ACCEPT_MERGE,cardholder_name,production,0.6822430267510532,0.6635515050030092,0.0,,alias_overlap_promotion,,True
TP_0003,INAmex.CardVerificationValue,PPVisa.cvv,0.810905888569577,,"cmnf_canonical_safe:score=0.8109,min_ev=0.8",,,TP,ACCEPT_MERGE,card_verification_value,discovery,0.810905888569577,0.6502073006749818,0.6666666666666666,,cmnf_canonical_safe_promotion,,True
TP_0004,INAmex.CardVerificationValue,PPVisa.cvv,0.810905888569577,,"cmnf_canonical_safe:score=0.8109,min_ev=0.8",,,TP,ACCEPT_MERGE,card_verification_value,production,0.810905888569577,0.6502073006749818,0.6666666666666666,,cmnf_canonical_safe_promotion,,True
TP_0005,INAmex.ExpirationDate,PPVisa.exp,0.893962160821743,,"cmnf_canonical_safe:score=0.8940,min_ev=0.85",,,TP,ACCEPT_MERGE,card_expiration_date,discovery,0.893962160821743,0.6970347452049799,1.0,,cmnf_canonical_safe_promotion,,True
TP_0006,INAmex.ExpirationDate,PPVisa.exp,0.893962160821743,,"cmnf_canonical_safe:score=0.8940,min_ev=0.85",,,TP,ACCEPT_MERGE,card_expiration_date,production,0.893962160821743,0.6970347452049799,1.0,,cmnf_canonical_safe_promotion,,True
TP_0007,INAmex.PrimaryAccountNumber,Mastercard.primary_account_number,0.9423870794878167,,"same_canon_same_family:score=0.9424,tau=0.72",,,TP,ACCEPT_MERGE,bank_account_number,discovery,0.9423870794878167,0.8353916556794763,1.0,,same_canonical_same_family_promotion,,True
TP_0008,INAmex.PrimaryAccountNumber,Mastercard.primary_account_number,0.9423870794878167,,"same_canon_same_family:score=0.9424,tau=0.72",,,TP,ACCEPT_MERGE,bank_account_number,production,0.9423870794878167,0.8353916556794763,1.0,,same_canonical_same_family_promotion,,True
TP_0009,INAmex.PrimaryAccountNumber,PPVisa.pan,0.8869325895797866,,"same_canon_same_family:score=0.8869,tau=0.72",,,TP,ACCEPT_MERGE,bank_account_number,discovery,0.8869325895797866,0.6769502559422473,1.0,,same_canonical_same_family_promotion,,True
TP_0010,INAmex.PrimaryAccountNumber,PPVisa.pan,0.8869325895797866,,"same_canon_same_family:score=0.8869,tau=0.72",,,TP,ACCEPT_MERGE,bank_account_number,production,0.8869325895797866,0.6769502559422473,1.0,,same_canonical_same_family_promotion,,True
TP_0011,ISO20022.currency,Plaid.currency,0.843383943654918,,"same_canon_same_family:score=0.8434,tau=0.72",,,TP,ACCEPT_MERGE,payment_currency,discovery,0.843383943654918,0.5525255532997656,1.0,,same_canonical_same_family_promotion,,True
TP_0012,ISO20022.currency,Plaid.currency,0.843383943654918,,"same_canon_same_family:score=0.8434,tau=0.72",,,TP,ACCEPT_MERGE,payment_currency,production,0.843383943654918,0.5525255532997656,1.0,,same_canonical_same_family_promotion,,True
TP_0013,ISO20022.currency,Razorpay.currency,0.8690502246700502,,"same_canon_same_family:score=0.8691,tau=0.72",,,TP,ACCEPT_MERGE,payment_currency,discovery,0.8690502246700502,0.625857784771572,1.0,,same_canonical_same_family_promotion,,True
TP_0014,ISO20022.currency,Razorpay.currency,0.8690502246700502,,"same_canon_same_family:score=0.8691,tau=0.72",,,TP,ACCEPT_MERGE,payment_currency,production,0.8690502246700502,0.625857784771572,1.0,,same_canonical_same_family_promotion,,True
TP_0015,ISO20022.currency,Stripe.currency,0.8730656028159443,,"same_canon_same_family:score=0.8731,tau=0.72",,,TP,ACCEPT_MERGE,payment_currency,discovery,0.8730656028159443,0.6373302937598406,1.0,,same_canonical_same_family_promotion,,True
TP_0016,ISO20022.currency,Stripe.currency,0.8730656028159443,,"same_canon_same_family:score=0.8731,tau=0.72",,,TP,ACCEPT_MERGE,payment_currency,production,0.8730656028159443,0.6373302937598406,1.0,,same_canonical_same_family_promotion,,True
TP_0017,ISO20022.currency,UPI.currency,0.8863815540634081,,"same_canon_same_family:score=0.8864,tau=0.72",,,TP,ACCEPT_MERGE,payment_currency,discovery,0.8863815540634081,0.6753758687525947,1.0,,same_canonical_same_family_promotion,,True
TP_0018,ISO20022.currency,UPI.currency,0.8863815540634081,,"same_canon_same_family:score=0.8864,tau=0.72",,,TP,ACCEPT_MERGE,payment_currency,production,0.8863815540634081,0.6753758687525947,1.0,,same_canonical_same_family_promotion,,True
TP_0019,ISO20022.instd_amt,Mastercard.transaction_amount,0.6749932882155116,,alias_hit_promotion:score=0.6750,,,TP,ACCEPT_MERGE,payment_amount,discovery,0.6749932882155116,0.45236177585384285,0.3333333333333333,,alias_overlap_promotion,,True
TP_0020,ISO20022.instd_amt,Mastercard.transaction_amount,0.6749932882155116,,alias_hit_promotion:score=0.6750,,,TP,ACCEPT_MERGE,payment_amount,production,0.6749932882155116,0.45236177585384285,0.3333333333333333,,alias_overlap_promotion,,True
TP_0021,ISO20022.instd_amt,Plaid.transaction_amount,0.663439820528296,,alias_hit_promotion:score=0.6634,,,TP,ACCEPT_MERGE,payment_amount,discovery,0.663439820528296,0.4193518681760837,0.3333333333333333,,alias_overlap_promotion,,True
TP_0022,ISO20022.instd_amt,Plaid.transaction_amount,0.663439820528296,,alias_hit_promotion:score=0.6634,,,TP,ACCEPT_MERGE,payment_amount,production,0.663439820528296,0.4193518681760837,0.3333333333333333,,alias_overlap_promotion,,True
TP_0023,ISO20022.instd_amt,Razorpay.amount,0.7007846893768079,,"cmnf_canonical_safe:score=0.7008,min_ev=0.68",,,TP,ACCEPT_MERGE,payment_amount,discovery,0.7007846893768079,0.430813398219451,0.5,,cmnf_canonical_safe_promotion,,True
TP_0024,ISO20022.instd_amt,Razorpay.amount,0.7007846893768079,,"cmnf_canonical_safe:score=0.7008,min_ev=0.68",,,TP,ACCEPT_MERGE,payment_amount,production,0.7007846893768079,0.430813398219451,0.5,,cmnf_canonical_safe_promotion,,True
TP_0025,ISO20022.instd_amt,Stripe.amount,0.7058571413937634,,"cmnf_canonical_safe:score=0.7059,min_ev=0.68",,,TP,ACCEPT_MERGE,payment_amount,discovery,0.7058571413937634,0.44530611826789546,0.5,,cmnf_canonical_safe_promotion,,True
TP_0026,ISO20022.instd_amt,Stripe.amount,0.7058571413937634,,"cmnf_canonical_safe:score=0.7059,min_ev=0.68",,,TP,ACCEPT_MERGE,payment_amount,production,0.7058571413937634,0.44530611826789546,0.5,,cmnf_canonical_safe_promotion,,True
TP_0027,ISO20022.instd_amt,UPI.txn_amount,0.6843910837085688,,"cmnf_canonical_safe:score=0.6844,min_ev=0.68",,,TP,ACCEPT_MERGE,payment_amount,discovery,0.6843910837085688,0.4792126201197205,0.3333333333333333,,cmnf_canonical_safe_promotion,,True
TP_0028,ISO20022.instd_amt,UPI.txn_amount,0.6843910837085688,,"cmnf_canonical_safe:score=0.6844,min_ev=0.68",,,TP,ACCEPT_MERGE,payment_amount,production,0.6843910837085688,0.4792126201197205,0.3333333333333333,,cmnf_canonical_safe_promotion,,True
TP_0029,Mastercard.primary_account_number,PPVisa.pan,0.9083613140256566,,"same_canon_same_family:score=0.9084,tau=0.72",,,TP,ACCEPT_MERGE,bank_account_number,discovery,0.9083613140256566,0.7381751829304473,1.0,,same_canonical_same_family_promotion,,True
TP_0030,Mastercard.primary_account_number,PPVisa.pan,0.9083613140256566,,"same_canon_same_family:score=0.9084,tau=0.72",,,TP,ACCEPT_MERGE,bank_account_number,production,0.9083613140256566,0.7381751829304473,1.0,,same_canonical_same_family_promotion,,True
TP_0031,Mastercard.transaction_amount,Plaid.transaction_amount,0.8620695593486776,,"cmnf_canonical_safe:score=0.8621,min_ev=0.68",,,TP,ACCEPT_MERGE,payment_amount,discovery,0.8620695593486776,0.6059130267105073,1.0,,cmnf_canonical_safe_promotion,,True
TP_0032,Mastercard.transaction_amount,Plaid.transaction_amount,0.8620695593486776,,"cmnf_canonical_safe:score=0.8621,min_ev=0.68",,,TP,ACCEPT_MERGE,payment_amount,production,0.8620695593486776,0.6059130267105073,1.0,,cmnf_canonical_safe_promotion,,True
TP_0033,Mastercard.transaction_amount,Razorpay.amount,0.7370253761584925,,"cmnf_canonical_safe:score=0.7370,min_ev=0.68",,,TP,ACCEPT_MERGE,payment_amount,discovery,0.7370253761584925,0.5343582175956927,0.5,,cmnf_canonical_safe_promotion,,True
TP_0034,Mastercard.transaction_amount,Razorpay.amount,0.7370253761584925,,"cmnf_canonical_safe:score=0.7370,min_ev=0.68",,,TP,ACCEPT_MERGE,payment_amount,production,0.7370253761584925,0.5343582175956927,0.5,,cmnf_canonical_safe_promotion,,True
TP_0035,Mastercard.transaction_amount,Stripe.amount,0.7739295488793073,,"cmnf_canonical_safe:score=0.7739,min_ev=0.68",,,TP,ACCEPT_MERGE,payment_amount,discovery,0.7739295488793073,0.6397987110837351,0.5,,cmnf_canonical_safe_promotion,,True
TP_0036,Mastercard.transaction_amount,Stripe.amount,0.7739295488793073,,"cmnf_canonical_safe:score=0.7739,min_ev=0.68",,,TP,ACCEPT_MERGE,payment_amount,production,0.7739295488793073,0.6397987110837351,0.5,,cmnf_canonical_safe_promotion,,True
TP_0037,Mastercard.transaction_amount,UPI.txn_amount,0.8772530183507581,,"cmnf_canonical_safe:score=0.8773,min_ev=0.68",,,TP,ACCEPT_MERGE,payment_amount,discovery,0.8772530183507581,0.649294338145023,1.0,,cmnf_canonical_safe_promotion,,True
TP_0038,Mastercard.transaction_amount,UPI.txn_amount,0.8772530183507581,,"cmnf_canonical_safe:score=0.8773,min_ev=0.68",,,TP,ACCEPT_MERGE,payment_amount,production,0.8772530183507581,0.649294338145023,1.0,,cmnf_canonical_safe_promotion,,True
TP_0039,Plaid.currency,Razorpay.currency,0.8696275376540612,,"same_canon_same_family:score=0.8696,tau=0.72",,,TP,ACCEPT_MERGE,payment_currency,discovery,0.8696275376540612,0.6275072504401747,1.0,,same_canonical_same_family_promotion,,True
TP_0040,Plaid.currency,Razorpay.currency,0.8696275376540612,,"same_canon_same_family:score=0.8696,tau=0.72",,,TP,ACCEPT_MERGE,payment_currency,production,0.8696275376540612,0.6275072504401747,1.0,,same_canonical_same_family_promotion,,True
TP_0041,Plaid.currency,Stripe.currency,0.8731301552489024,,"same_canon_same_family:score=0.8731,tau=0.72",,,TP,ACCEPT_MERGE,payment_currency,discovery,0.8731301552489024,0.637514729282578,1.0,,same_canonical_same_family_promotion,,True
TP_0042,Plaid.currency,Stripe.currency,0.8731301552489024,,"same_canon_same_family:score=0.8731,tau=0.72",,,TP,ACCEPT_MERGE,payment_currency,production,0.8731301552489024,0.637514729282578,1.0,,same_canonical_same_family_promotion,,True
TP_0043,Plaid.currency,UPI.currency,0.8612782563469754,,"same_canon_same_family:score=0.8613,tau=0.72",,,TP,ACCEPT_MERGE,payment_currency,discovery,0.8612782563469754,0.6036521609913582,1.0,,same_canonical_same_family_promotion,,True
TP_0044,Plaid.currency,UPI.currency,0.8612782563469754,,"same_canon_same_family:score=0.8613,tau=0.72",,,TP,ACCEPT_MERGE,payment_currency,production,0.8612782563469754,0.6036521609913582,1.0,,same_canonical_same_family_promotion,,True
TP_0045,Plaid.transaction_amount,Razorpay.amount,0.7542244598210177,,"cmnf_canonical_safe:score=0.7542,min_ev=0.68",,,TP,ACCEPT_MERGE,payment_amount,discovery,0.7542244598210177,0.5834984566314793,0.5,,cmnf_canonical_safe_promotion,,True
TP_0046,Plaid.transaction_amount,Razorpay.amount,0.7542244598210177,,"cmnf_canonical_safe:score=0.7542,min_ev=0.68",,,TP,ACCEPT_MERGE,payment_amount,production,0.7542244598210177,0.5834984566314793,0.5,,cmnf_canonical_safe_promotion,,True
TP_0047,Plaid.transaction_amount,Stripe.amount,0.7695841788978137,,"cmnf_canonical_safe:score=0.7696,min_ev=0.68",,,TP,ACCEPT_MERGE,payment_amount,discovery,0.7695841788978137,0.6273833682794678,0.5,,cmnf_canonical_safe_promotion,,True
TP_0048,Plaid.transaction_amount,Stripe.amount,0.7695841788978137,,"cmnf_canonical_safe:score=0.7696,min_ev=0.68",,,TP,ACCEPT_MERGE,payment_amount,production,0.7695841788978137,0.6273833682794678,0.5,,cmnf_canonical_safe_promotion,,True
TP_0049,Plaid.transaction_amount,UPI.txn_amount,0.864741893640319,,"cmnf_canonical_safe:score=0.8647,min_ev=0.68",,,TP,ACCEPT_MERGE,payment_amount,discovery,0.864741893640319,0.6135482675437685,1.0,,cmnf_canonical_safe_promotion,,True
TP_0050,Plaid.transaction_amount,UPI.txn_amount,0.864741893640319,,"cmnf_canonical_safe:score=0.8647,min_ev=0.68",,,TP,ACCEPT_MERGE,payment_amount,production,0.864741893640319,0.6135482675437685,1.0,,cmnf_canonical_safe_promotion,,True
TP_0051,Plaid.transaction_id,UPI.txn_id,0.6933854463390907,,alias_hit_promotion:score=0.6934,,,TP,ACCEPT_MERGE,payment_identifier,discovery,0.6933854463390907,0.6953869895402591,1.0,,alias_overlap_promotion,,True
TP_0052,Plaid.transaction_id,UPI.txn_id,0.6933854463390907,,alias_hit_promotion:score=0.6934,,,TP,ACCEPT_MERGE,payment_identifier,production,0.6933854463390907,0.6953869895402591,1.0,,alias_overlap_promotion,,True
TP_0053,Razorpay.amount,Stripe.amount,0.86823553405094,,"cmnf_canonical_safe:score=0.8682,min_ev=0.68",,,TP,ACCEPT_MERGE,payment_amount,discovery,0.86823553405094,0.6235300972883999,1.0,,cmnf_canonical_safe_promotion,,True
TP_0054,Razorpay.amount,Stripe.amount,0.86823553405094,,"cmnf_canonical_safe:score=0.8682,min_ev=0.68",,,TP,ACCEPT_MERGE,payment_amount,production,0.86823553405094,0.6235300972883999,1.0,,cmnf_canonical_safe_promotion,,True
TP_0055,Razorpay.amount,UPI.txn_amount,0.7187702047272145,,"cmnf_canonical_safe:score=0.7188,min_ev=0.68",,,TP,ACCEPT_MERGE,payment_amount,discovery,0.7187702047272145,0.4822005849348985,0.5,,cmnf_canonical_safe_promotion,,True
TP_0056,Razorpay.amount,UPI.txn_amount,0.7187702047272145,,"cmnf_canonical_safe:score=0.7188,min_ev=0.68",,,TP,ACCEPT_MERGE,payment_amount,production,0.7187702047272145,0.4822005849348985,0.5,,cmnf_canonical_safe_promotion,,True
TP_0057,Razorpay.created_at,Stripe.created,0.7690397020796296,,"same_canon_same_family:score=0.7690,tau=0.72",,,TP,ACCEPT_MERGE,created_at,discovery,0.7690397020796296,0.625827720227513,0.5,,same_canonical_same_family_promotion,,True
TP_0058,Razorpay.created_at,Stripe.created,0.7690397020796296,,"same_canon_same_family:score=0.7690,tau=0.72",,,TP,ACCEPT_MERGE,created_at,production,0.7690397020796296,0.625827720227513,0.5,,same_canonical_same_family_promotion,,True
TP_0059,Razorpay.currency,Stripe.currency,0.8849434015755534,,"same_canon_same_family:score=0.8849,tau=0.72",,,TP,ACCEPT_MERGE,payment_currency,discovery,0.8849434015755534,0.6712668616444384,1.0,,same_canonical_same_family_promotion,,True
TP_0060,Razorpay.currency,Stripe.currency,0.8849434015755534,,"same_canon_same_family:score=0.8849,tau=0.72",,,TP,ACCEPT_MERGE,payment_currency,production,0.8849434015755534,0.6712668616444384,1.0,,same_canonical_same_family_promotion,,True
TP_0061,Razorpay.currency,UPI.currency,0.8756947880903944,,"same_canon_same_family:score=0.8757,tau=0.72",,,TP,ACCEPT_MERGE,payment_currency,discovery,0.8756947880903944,0.6448422516868411,1.0,,same_canonical_same_family_promotion,,True
TP_0062,Razorpay.currency,UPI.currency,0.8756947880903944,,"same_canon_same_family:score=0.8757,tau=0.72",,,TP,ACCEPT_MERGE,payment_currency,production,0.8756947880903944,0.6448422516868411,1.0,,same_canonical_same_family_promotion,,True
TP_0063,Razorpay.method,Stripe.payment_method,0.7731308906465414,,"same_canon_same_family:score=0.7731,tau=0.72",,,TP,ACCEPT_MERGE,payment_method,discovery,0.7731308906465414,0.6375168304186897,0.5,,same_canonical_same_family_promotion,,True
TP_0064,Razorpay.method,Stripe.payment_method,0.7731308906465414,,"same_canon_same_family:score=0.7731,tau=0.72",,,TP,ACCEPT_MERGE,payment_method,production,0.7731308906465414,0.6375168304186897,0.5,,same_canonical_same_family_promotion,,True
TP_0065,Razorpay.status,Stripe.status,0.880523890744095,,"cmnf_canonical_safe:score=0.8805,min_ev=0.8",,,TP,ACCEPT_MERGE,payment_status,discovery,0.880523890744095,0.6586396878402713,1.0,,cmnf_canonical_safe_promotion,,True
TP_0066,Razorpay.status,Stripe.status,0.880523890744095,,"cmnf_canonical_safe:score=0.8805,min_ev=0.8",,,TP,ACCEPT_MERGE,payment_status,production,0.880523890744095,0.6586396878402713,1.0,,cmnf_canonical_safe_promotion,,True
TP_0067,Razorpay.status,UPI.txn_status,0.7460994853352971,,"same_canon_same_family:score=0.7461,tau=0.72",,,TP,ACCEPT_MERGE,payment_status,discovery,0.7460994853352971,0.5602842438151345,0.5,,same_canonical_same_family_promotion,,True
TP_0068,Razorpay.status,UPI.txn_status,0.7460994853352971,,"same_canon_same_family:score=0.7461,tau=0.72",,,TP,ACCEPT_MERGE,payment_status,production,0.7460994853352971,0.5602842438151345,0.5,,same_canonical_same_family_promotion,,True
TP_0069,Razorpay.vpa,UPI.vpa,0.9394508150764378,,"same_canon_same_family:score=0.9395,tau=0.72",,,TP,ACCEPT_MERGE,virtual_payment_address,discovery,0.9394508150764378,0.8270023287898223,1.0,,same_canonical_same_family_promotion,,True
TP_0070,Razorpay.vpa,UPI.vpa,0.9394508150764378,,"same_canon_same_family:score=0.9395,tau=0.72",,,TP,ACCEPT_MERGE,virtual_payment_address,production,0.9394508150764378,0.8270023287898223,1.0,,same_canonical_same_family_promotion,,True
TP_0071,Stripe.amount,UPI.txn_amount,0.7518896065927524,,"cmnf_canonical_safe:score=0.7519,min_ev=0.68",,,TP,ACCEPT_MERGE,payment_amount,discovery,0.7518896065927524,0.576827447407864,0.5,,cmnf_canonical_safe_promotion,,True
TP_0072,Stripe.amount,UPI.txn_amount,0.7518896065927524,,"cmnf_canonical_safe:score=0.7519,min_ev=0.68",,,TP,ACCEPT_MERGE,payment_amount,production,0.7518896065927524,0.576827447407864,0.5,,cmnf_canonical_safe_promotion,,True
TP_0073,Stripe.currency,UPI.currency,0.8904232170224958,,"same_canon_same_family:score=0.8904,tau=0.72",,,TP,ACCEPT_MERGE,payment_currency,discovery,0.8904232170224958,0.6869234772071308,1.0,,same_canonical_same_family_promotion,,True
TP_0074,Stripe.currency,UPI.currency,0.8904232170224958,,"same_canon_same_family:score=0.8904,tau=0.72",,,TP,ACCEPT_MERGE,payment_currency,production,0.8904232170224958,0.6869234772071308,1.0,,same_canonical_same_family_promotion,,True
TP_0075,Stripe.status,UPI.txn_status,0.7714709985748814,,"same_canon_same_family:score=0.7715,tau=0.72",,,TP,ACCEPT_MERGE,payment_status,discovery,0.7714709985748814,0.6327742816425184,0.5,,same_canonical_same_family_promotion,,True
TP_0076,Stripe.status,UPI.txn_status,0.7714709985748814,,"same_canon_same_family:score=0.7715,tau=0.72",,,TP,ACCEPT_MERGE,payment_status,production,0.7714709985748814,0.6327742816425184,0.5,,same_canonical_same_family_promotion,,True
TN_0001,INAmex.ExpirationDate,Plaid.transaction_date,0.21581605031128626,card_expiration_date|transaction_date,insufficient evidence,,,TN,DEFER,card_expiration_date|transaction_date,discovery,0.21581605031128626,0.42614109612748463,0.3333333333333333,,,,False
TN_0002,INAmex.ExpirationDate,Plaid.transaction_date,0.21581605031128626,card_expiration_date|transaction_date,insufficient evidence,,,TN,DEFER,card_expiration_date|transaction_date,production,0.21581605031128626,0.42614109612748463,0.3333333333333333,,,,False
TN_0003,INAmex.PrimaryAccountNumber,Plaid.account_number,0.5297606552173031,bank_account_number,Vetoes: card PAN must not merge with bank account; schema-declared do_not_merge_with_families veto | explicit negative pair hard veto,,,TN,REJECT_UNSAFE,bank_account_number,discovery,0.5297606552173031,0.418363776811342,0.6666666666666666,card PAN must not merge with bank account; schema-declared do_not_merge_with_families veto; explicit negative pair hard veto,,,False
TN_0004,INAmex.PrimaryAccountNumber,Plaid.account_number,0.5297606552173031,bank_account_number,Vetoes: card PAN must not merge with bank account; schema-declared do_not_merge_with_families veto | explicit negative pair hard veto,,,TN,REJECT_UNSAFE,bank_account_number,production,0.5297606552173031,0.418363776811342,0.6666666666666666,card PAN must not merge with bank account; schema-declared do_not_merge_with_families veto; explicit negative pair hard veto,,,False
TN_0005,ISO20022.cdtr_acct,Plaid.account_number,0.22901471502097004,creditor_account|bank_account_number,Vetoes: account/card subtypes are ambiguous: payment_account:creditor_account vs payment_account:account_number | account/card subtypes are ambiguous: payment_account:creditor_account vs payment_account:account_number,,,TN,REJECT_UNSAFE,creditor_account|bank_account_number,discovery,0.22901471502097004,0.46385156672658107,0.3333333333333333,account/card subtypes are ambiguous: payment_account:creditor_account vs payment_account:account_number,,,False
TN_0006,ISO20022.cdtr_acct,Plaid.account_number,0.22901471502097004,creditor_account|bank_account_number,Vetoes: account/card subtypes are ambiguous: payment_account:creditor_account vs payment_account:account_number | account/card subtypes are ambiguous: payment_account:creditor_account vs payment_account:account_number,,,TN,REJECT_UNSAFE,creditor_account|bank_account_number,production,0.22901471502097004,0.46385156672658107,0.3333333333333333,account/card subtypes are ambiguous: payment_account:creditor_account vs payment_account:account_number,,,False
TN_0007,ISO20022.cdtr_acct,Plaid.account_type,0.22745716787746234,creditor_account|account_type,Vetoes: account/card subtypes are ambiguous: payment_account:creditor_account vs payment_account:account_type | account/card subtypes are ambiguous: payment_account:creditor_account vs payment_account:account_type,,,TN,REJECT_UNSAFE,creditor_account|account_type,discovery,0.22745716787746234,0.4594014320308448,0.3333333333333333,account/card subtypes are ambiguous: payment_account:creditor_account vs payment_account:account_type,,,False
TN_0008,ISO20022.cdtr_acct,Plaid.account_type,0.22745716787746234,creditor_account|account_type,Vetoes: account/card subtypes are ambiguous: payment_account:creditor_account vs payment_account:account_type | account/card subtypes are ambiguous: payment_account:creditor_account vs payment_account:account_type,,,TN,REJECT_UNSAFE,creditor_account|account_type,production,0.22745716787746234,0.4594014320308448,0.3333333333333333,account/card subtypes are ambiguous: payment_account:creditor_account vs payment_account:account_type,,,False
TN_0009,ISO20022.cdtr_acct,UPI.payer_account,0.2834777606522337,creditor_account|payer_account,Vetoes: account/card subtypes are ambiguous: payment_account:creditor_account vs payment_account:payer_account; schema-declared do_not_merge_with_families veto | explicit negative pair hard veto,,,TN,REJECT_UNSAFE,creditor_account|payer_account,discovery,0.2834777606522337,0.6194602685301914,0.3333333333333333,account/card subtypes are ambiguous: payment_account:creditor_account vs payment_account:payer_account; schema-declared do_not_merge_with_families veto; explicit negative pair hard veto,,,False
TN_0010,ISO20022.cdtr_acct,UPI.payer_account,0.2834777606522337,creditor_account|payer_account,Vetoes: account/card subtypes are ambiguous: payment_account:creditor_account vs payment_account:payer_account; schema-declared do_not_merge_with_families veto | explicit negative pair hard veto,,,TN,REJECT_UNSAFE,creditor_account|payer_account,production,0.2834777606522337,0.6194602685301914,0.3333333333333333,account/card subtypes are ambiguous: payment_account:creditor_account vs payment_account:payer_account; schema-declared do_not_merge_with_families veto; explicit negative pair hard veto,,,False
TN_0011,ISO20022.cdtr_nm,ISO20022.cdtr_acct,0.3486225325014016,creditor_name|creditor_account,insufficient evidence,,,TN,DEFER,creditor_name|creditor_account,discovery,0.3486225325014016,0.8055881880992428,0.3333333333333333,,,,False
TN_0012,ISO20022.cdtr_nm,ISO20022.cdtr_acct,0.3486225325014016,creditor_name|creditor_account,insufficient evidence,,,TN,DEFER,creditor_name|creditor_account,production,0.3486225325014016,0.8055881880992428,0.3333333333333333,,,,False
TN_0013,ISO20022.dbtr_acct,ISO20022.cdtr_acct,0.37625210780143326,debtor_account|creditor_account,Vetoes: account/card subtypes are ambiguous: payment_account:debtor_account vs payment_account:creditor_account; role conflict: debtor vs creditor | explicit negative pair hard veto,,,TN,REJECT_UNSAFE,debtor_account|creditor_account,discovery,0.37625210780143326,0.884529831813619,0.3333333333333333,account/card subtypes are ambiguous: payment_account:debtor_account vs payment_account:creditor_account; role conflict: debtor vs creditor; schema-declared do_not_merge_with_families veto; explicit negative pair hard veto,,,False
TN_0014,ISO20022.dbtr_acct,ISO20022.cdtr_acct,0.37625210780143326,debtor_account|creditor_account,Vetoes: account/card subtypes are ambiguous: payment_account:debtor_account vs payment_account:creditor_account; role conflict: debtor vs creditor | explicit negative pair hard veto,,,TN,REJECT_UNSAFE,debtor_account|creditor_account,production,0.37625210780143326,0.884529831813619,0.3333333333333333,account/card subtypes are ambiguous: payment_account:debtor_account vs payment_account:creditor_account; role conflict: debtor vs creditor; schema-declared do_not_merge_with_families veto; explicit negative pair hard veto,,,False
TN_0015,ISO20022.dbtr_acct,Plaid.account_number,0.25017825569752594,debtor_account|bank_account_number,Vetoes: account/card subtypes are ambiguous: payment_account:debtor_account vs payment_account:account_number | account/card subtypes are ambiguous: payment_account:debtor_account vs payment_account:account_number,,,TN,REJECT_UNSAFE,debtor_account|bank_account_number,discovery,0.25017825569752594,0.524318825802455,0.3333333333333333,account/card subtypes are ambiguous: payment_account:debtor_account vs payment_account:account_number,,,False
TN_0016,ISO20022.dbtr_acct,Plaid.account_number,0.25017825569752594,debtor_account|bank_account_number,Vetoes: account/card subtypes are ambiguous: payment_account:debtor_account vs payment_account:account_number | account/card subtypes are ambiguous: payment_account:debtor_account vs payment_account:account_number,,,TN,REJECT_UNSAFE,debtor_account|bank_account_number,production,0.25017825569752594,0.524318825802455,0.3333333333333333,account/card subtypes are ambiguous: payment_account:debtor_account vs payment_account:account_number,,,False
TN_0017,ISO20022.dbtr_acct,Plaid.account_type,0.24755234966896067,debtor_account|account_type,Vetoes: account/card subtypes are ambiguous: payment_account:debtor_account vs payment_account:account_type | account/card subtypes are ambiguous: payment_account:debtor_account vs payment_account:account_type,,,TN,REJECT_UNSAFE,debtor_account|account_type,discovery,0.24755234966896067,0.5168162371494115,0.3333333333333333,account/card subtypes are ambiguous: payment_account:debtor_account vs payment_account:account_type,,,False
TN_0018,ISO20022.dbtr_acct,Plaid.account_type,0.24755234966896067,debtor_account|account_type,Vetoes: account/card subtypes are ambiguous: payment_account:debtor_account vs payment_account:account_type | account/card subtypes are ambiguous: payment_account:debtor_account vs payment_account:account_type,,,TN,REJECT_UNSAFE,debtor_account|account_type,production,0.24755234966896067,0.5168162371494115,0.3333333333333333,account/card subtypes are ambiguous: payment_account:debtor_account vs payment_account:account_type,,,False
TN_0019,ISO20022.dbtr_acct,UPI.payer_account,0.27657675254134745,debtor_account|payer_account,Vetoes: account/card subtypes are ambiguous: payment_account:debtor_account vs payment_account:payer_account; explicit negative pair hard veto | explicit negative pair hard veto,,,TN,REJECT_UNSAFE,debtor_account|payer_account,discovery,0.27657675254134745,0.5997431024990879,0.3333333333333333,account/card subtypes are ambiguous: payment_account:debtor_account vs payment_account:payer_account; explicit negative pair hard veto,,,False
TN_0020,ISO20022.dbtr_acct,UPI.payer_account,0.27657675254134745,debtor_account|payer_account,Vetoes: account/card subtypes are ambiguous: payment_account:debtor_account vs payment_account:payer_account; explicit negative pair hard veto | explicit negative pair hard veto,,,TN,REJECT_UNSAFE,debtor_account|payer_account,production,0.27657675254134745,0.5997431024990879,0.3333333333333333,account/card subtypes are ambiguous: payment_account:debtor_account vs payment_account:payer_account; explicit negative pair hard veto,,,False
TN_0021,ISO20022.dbtr_nm,ISO20022.cdtr_nm,0.3634673343240294,debtor_name|creditor_name,Vetoes: role conflict: debtor vs creditor; schema-declared do_not_merge_with_families veto | explicit negative pair hard veto,,,TN,REJECT_UNSAFE,debtor_name|creditor_name,discovery,0.3634673343240294,0.8480019075924651,0.3333333333333333,role conflict: debtor vs creditor; schema-declared do_not_merge_with_families veto; explicit negative pair hard veto,,,False
TN_0022,ISO20022.dbtr_nm,ISO20022.cdtr_nm,0.3634673343240294,debtor_name|creditor_name,Vetoes: role conflict: debtor vs creditor; schema-declared do_not_merge_with_families veto | explicit negative pair hard veto,,,TN,REJECT_UNSAFE,debtor_name|creditor_name,production,0.3634673343240294,0.8480019075924651,0.3333333333333333,role conflict: debtor vs creditor; schema-declared do_not_merge_with_families veto; explicit negative pair hard veto,,,False
TN_0023,ISO20022.dbtr_nm,ISO20022.dbtr_acct,0.3426514029691898,debtor_name|debtor_account,insufficient evidence,,,TN,DEFER,debtor_name|debtor_account,discovery,0.3426514029691898,0.7885278180072091,0.3333333333333333,,,,False
TN_0024,ISO20022.dbtr_nm,ISO20022.dbtr_acct,0.3426514029691898,debtor_name|debtor_account,insufficient evidence,,,TN,DEFER,debtor_name|debtor_account,production,0.3426514029691898,0.7885278180072091,0.3333333333333333,,,,False
TN_0025,ISO20022.msg_id,Plaid.account_id,0.17050365667228867,message_identifier|account_identifier,Vetoes: identifier subtypes must remain separate: identifier:message vs identifier:plaid_account | identifier subtypes must remain separate: identifier:message vs identifier:plaid_account,,,TN,REJECT_UNSAFE,message_identifier|account_identifier,discovery,0.17050365667228867,0.29667711430177723,0.3333333333333333,identifier subtypes must remain separate: identifier:message vs identifier:plaid_account,,,False
TN_0026,ISO20022.msg_id,Plaid.account_id,0.17050365667228867,message_identifier|account_identifier,Vetoes: identifier subtypes must remain separate: identifier:message vs identifier:plaid_account | identifier subtypes must remain separate: identifier:message vs identifier:plaid_account,,,TN,REJECT_UNSAFE,message_identifier|account_identifier,production,0.17050365667228867,0.29667711430177723,0.3333333333333333,identifier subtypes must remain separate: identifier:message vs identifier:plaid_account,,,False
TN_0027,ISO20022.msg_id,Plaid.transaction_id,0.20275700010187986,message_identifier|payment_identifier,Vetoes: identifier subtypes must remain separate: identifier:message vs identifier:transaction | identifier subtypes must remain separate: identifier:message vs identifier:transaction,,,TN,REJECT_UNSAFE,message_identifier|payment_identifier,discovery,0.20275700010187986,0.3888295241006091,0.3333333333333333,identifier subtypes must remain separate: identifier:message vs identifier:transaction,,,False
TN_0028,ISO20022.msg_id,Plaid.transaction_id,0.20275700010187986,message_identifier|payment_identifier,Vetoes: identifier subtypes must remain separate: identifier:message vs identifier:transaction | identifier subtypes must remain separate: identifier:message vs identifier:transaction,,,TN,REJECT_UNSAFE,message_identifier|payment_identifier,production,0.20275700010187986,0.3888295241006091,0.3333333333333333,identifier subtypes must remain separate: identifier:message vs identifier:transaction,,,False
TN_0029,ISO20022.msg_id,UPI.txn_id,0.22098883319137103,message_identifier|payment_identifier,Vetoes: identifier subtypes must remain separate: identifier:message vs identifier:upi_transaction | identifier subtypes must remain separate: identifier:message vs identifier:upi_transaction,,,TN,REJECT_UNSAFE,message_identifier|payment_identifier,discovery,0.22098883319137103,0.4409204757848697,0.3333333333333333,identifier subtypes must remain separate: identifier:message vs identifier:upi_transaction,,,False
TN_0030,ISO20022.msg_id,UPI.txn_id,0.22098883319137103,message_identifier|payment_identifier,Vetoes: identifier subtypes must remain separate: identifier:message vs identifier:upi_transaction | identifier subtypes must remain separate: identifier:message vs identifier:upi_transaction,,,TN,REJECT_UNSAFE,message_identifier|payment_identifier,production,0.22098883319137103,0.4409204757848697,0.3333333333333333,identifier subtypes must remain separate: identifier:message vs identifier:upi_transaction,,,False
TN_0031,Mastercard.primary_account_number,Plaid.account_number,0.5466757139299397,bank_account_number,Vetoes: card PAN must not merge with bank account; schema-declared do_not_merge_with_families veto | explicit negative pair hard veto,,,TN,REJECT_UNSAFE,bank_account_number,discovery,0.5466757139299397,0.46669251599030387,0.6666666666666666,card PAN must not merge with bank account; schema-declared do_not_merge_with_families veto; explicit negative pair hard veto,,,False
TN_0032,Mastercard.primary_account_number,Plaid.account_number,0.5466757139299397,bank_account_number,Vetoes: card PAN must not merge with bank account; schema-declared do_not_merge_with_families veto | explicit negative pair hard veto,,,TN,REJECT_UNSAFE,bank_account_number,production,0.5466757139299397,0.46669251599030387,0.6666666666666666,card PAN must not merge with bank account; schema-declared do_not_merge_with_families veto; explicit negative pair hard veto,,,False
TN_0033,Plaid.account_id,ISO20022.dbtr_acct,0.1955884193338071,account_identifier|debtor_account,insufficient evidence,,,TN,DEFER,account_identifier|debtor_account,discovery,0.1955884193338071,0.36834786476325837,0.3333333333333333,,,,False
TN_0034,Plaid.account_id,ISO20022.dbtr_acct,0.1955884193338071,account_identifier|debtor_account,insufficient evidence,,,TN,DEFER,account_identifier|debtor_account,production,0.1955884193338071,0.36834786476325837,0.3333333333333333,,,,False
TN_0035,Plaid.account_id,Plaid.account_number,0.3343150710713198,account_identifier|bank_account_number,insufficient evidence,,,TN,DEFER,account_identifier|bank_account_number,discovery,0.3343150710713198,0.7647097268704376,0.3333333333333333,,,,False
TN_0036,Plaid.account_id,Plaid.account_number,0.3343150710713198,account_identifier|bank_account_number,insufficient evidence,,,TN,DEFER,account_identifier|bank_account_number,production,0.3343150710713198,0.7647097268704376,0.3333333333333333,,,,False
TN_0037,Plaid.account_id,Plaid.account_type,0.32751732764582675,account_identifier|account_type,Vetoes: explicit negative pair hard veto | explicit negative pair hard veto,,,TN,REJECT_UNSAFE,account_identifier|account_type,discovery,0.32751732764582675,0.7452876027976003,0.3333333333333333,explicit negative pair hard veto,,,False
TN_0038,Plaid.account_id,Plaid.account_type,0.32751732764582675,account_identifier|account_type,Vetoes: explicit negative pair hard veto | explicit negative pair hard veto,,,TN,REJECT_UNSAFE,account_identifier|account_type,production,0.32751732764582675,0.7452876027976003,0.3333333333333333,explicit negative pair hard veto,,,False
TN_0039,Plaid.account_id,Plaid.transaction_id,0.31460088004775555,account_identifier|payment_identifier,Vetoes: identifier subtypes must remain separate: identifier:plaid_account vs identifier:transaction; schema-declared do_not_merge_with_families veto | explicit negative pair hard veto,,,TN,REJECT_UNSAFE,account_identifier|payment_identifier,discovery,0.31460088004775555,0.7083834668031112,0.3333333333333333,identifier subtypes must remain separate: identifier:plaid_account vs identifier:transaction; schema-declared do_not_merge_with_families veto; explicit negative pair hard veto,,,False
TN_0040,Plaid.account_id,Plaid.transaction_id,0.31460088004775555,account_identifier|payment_identifier,Vetoes: identifier subtypes must remain separate: identifier:plaid_account vs identifier:transaction; schema-declared do_not_merge_with_families veto | explicit negative pair hard veto,,,TN,REJECT_UNSAFE,account_identifier|payment_identifier,production,0.31460088004775555,0.7083834668031112,0.3333333333333333,identifier subtypes must remain separate: identifier:plaid_account vs identifier:transaction; schema-declared do_not_merge_with_families veto; explicit negative pair hard veto,,,False
TN_0041,Plaid.account_id,Stripe.customer_id,0.21942000822377195,account_identifier|customer_identifier,Vetoes: identifier subtypes must remain separate: identifier:plaid_account vs identifier:customer | identifier subtypes must remain separate: identifier:plaid_account vs identifier:customer,,,TN,REJECT_UNSAFE,account_identifier|customer_identifier,discovery,0.21942000822377195,0.4364381187345866,0.3333333333333333,identifier subtypes must remain separate: identifier:plaid_account vs identifier:customer,,,False
TN_0042,Plaid.account_id,Stripe.customer_id,0.21942000822377195,account_identifier|customer_identifier,Vetoes: identifier subtypes must remain separate: identifier:plaid_account vs identifier:customer | identifier subtypes must remain separate: identifier:plaid_account vs identifier:customer,,,TN,REJECT_UNSAFE,account_identifier|customer_identifier,production,0.21942000822377195,0.4364381187345866,0.3333333333333333,identifier subtypes must remain separate: identifier:plaid_account vs identifier:customer,,,False
TN_0043,Plaid.account_id,UPI.payer_account,0.21337170283588314,account_identifier|payer_account,insufficient evidence,,,TN,DEFER,account_identifier|payer_account,discovery,0.21337170283588314,0.4191572461977614,0.3333333333333333,,,,False
TN_0044,Plaid.account_id,UPI.payer_account,0.21337170283588314,account_identifier|payer_account,insufficient evidence,,,TN,DEFER,account_identifier|payer_account,production,0.21337170283588314,0.4191572461977614,0.3333333333333333,,,,False
TN_0045,Plaid.account_id,UPI.txn_id,0.20384407684150158,account_identifier|payment_identifier,Vetoes: identifier subtypes must remain separate: identifier:plaid_account vs identifier:upi_transaction; explicit negative pair hard veto | explicit negative pair hard veto,,,TN,REJECT_UNSAFE,account_identifier|payment_identifier,discovery,0.20384407684150158,0.3919354576423854,0.3333333333333333,identifier subtypes must remain separate: identifier:plaid_account vs identifier:upi_transaction; explicit negative pair hard veto,,,False
TN_0046,Plaid.account_id,UPI.txn_id,0.20384407684150158,account_identifier|payment_identifier,Vetoes: identifier subtypes must remain separate: identifier:plaid_account vs identifier:upi_transaction; explicit negative pair hard veto | explicit negative pair hard veto,,,TN,REJECT_UNSAFE,account_identifier|payment_identifier,production,0.20384407684150158,0.3919354576423854,0.3333333333333333,identifier subtypes must remain separate: identifier:plaid_account vs identifier:upi_transaction; explicit negative pair hard veto,,,False
TN_0047,Plaid.account_number,PPVisa.pan,0.5108436698099114,bank_account_number,Vetoes: card PAN must not merge with bank account; schema-declared do_not_merge_with_families veto | explicit negative pair hard veto,,,TN,REJECT_UNSAFE,bank_account_number,discovery,0.5108436698099114,0.36431524707593715,0.6666666666666666,card PAN must not merge with bank account; schema-declared do_not_merge_with_families veto; explicit negative pair hard veto,,,False
TN_0048,Plaid.account_number,PPVisa.pan,0.5108436698099114,bank_account_number,Vetoes: card PAN must not merge with bank account; schema-declared do_not_merge_with_families veto | explicit negative pair hard veto,,,TN,REJECT_UNSAFE,bank_account_number,production,0.5108436698099114,0.36431524707593715,0.6666666666666666,card PAN must not merge with bank account; schema-declared do_not_merge_with_families veto; explicit negative pair hard veto,,,False
TN_0049,Plaid.account_number,Plaid.account_type,0.3690629420724745,bank_account_number|account_type,Vetoes: account/card subtypes are ambiguous: payment_account:account_number vs payment_account:account_type | account/card subtypes are ambiguous: payment_account:account_number vs payment_account:account_type,,,TN,REJECT_UNSAFE,bank_account_number|account_type,discovery,0.3690629420724745,0.863989358302308,0.3333333333333333,account/card subtypes are ambiguous: payment_account:account_number vs payment_account:account_type,,,False
TN_0050,Plaid.account_number,Plaid.account_type,0.3690629420724745,bank_account_number|account_type,Vetoes: account/card subtypes are ambiguous: payment_account:account_number vs payment_account:account_type | account/card subtypes are ambiguous: payment_account:account_number vs payment_account:account_type,,,TN,REJECT_UNSAFE,bank_account_number|account_type,production,0.3690629420724745,0.863989358302308,0.3333333333333333,account/card subtypes are ambiguous: payment_account:account_number vs payment_account:account_type,,,False
TN_0051,Plaid.account_number,UPI.payer_account,0.27341349574184015,bank_account_number|payer_account,Vetoes: account/card subtypes are ambiguous: payment_account:account_number vs payment_account:payer_account | account/card subtypes are ambiguous: payment_account:account_number vs payment_account:payer_account,,,TN,REJECT_UNSAFE,bank_account_number|payer_account,discovery,0.27341349574184015,0.5907052259290672,0.3333333333333333,account/card subtypes are ambiguous: payment_account:account_number vs payment_account:payer_account,,,False
TN_0052,Plaid.account_number,UPI.payer_account,0.27341349574184015,bank_account_number|payer_account,Vetoes: account/card subtypes are ambiguous: payment_account:account_number vs payment_account:payer_account | account/card subtypes are ambiguous: payment_account:account_number vs payment_account:payer_account,,,TN,REJECT_UNSAFE,bank_account_number|payer_account,production,0.27341349574184015,0.5907052259290672,0.3333333333333333,account/card subtypes are ambiguous: payment_account:account_number vs payment_account:payer_account,,,False
TN_0053,Plaid.account_type,UPI.payer_account,0.28205254844315364,account_type|payer_account,Vetoes: account/card subtypes are ambiguous: payment_account:account_type vs payment_account:payer_account | account/card subtypes are ambiguous: payment_account:account_type vs payment_account:payer_account,,,TN,REJECT_UNSAFE,account_type|payer_account,discovery,0.28205254844315364,0.6153882336471057,0.3333333333333333,account/card subtypes are ambiguous: payment_account:account_type vs payment_account:payer_account,,,False
TN_0054,Plaid.account_type,UPI.payer_account,0.28205254844315364,account_type|payer_account,Vetoes: account/card subtypes are ambiguous: payment_account:account_type vs payment_account:payer_account | account/card subtypes are ambiguous: payment_account:account_type vs payment_account:payer_account,,,TN,REJECT_UNSAFE,account_type|payer_account,production,0.28205254844315364,0.6153882336471057,0.3333333333333333,account/card subtypes are ambiguous: payment_account:account_type vs payment_account:payer_account,,,False
TN_0055,Plaid.routing_number,Plaid.account_number,0.3693889579477667,routing_number|bank_account_number,Vetoes: routing number must not merge with account number; account/card subtypes are ambiguous: payment_account:routing_number vs payment_account:account_number | explicit negative pair hard veto,,,TN,REJECT_UNSAFE,routing_number|bank_account_number,discovery,0.3693889579477667,0.8649208322317146,0.3333333333333333,routing number must not merge with account number; account/card subtypes are ambiguous: payment_account:routing_number vs payment_account:account_number; schema-declared do_not_merge_with_families veto; explicit negative pair hard veto,,,False
TN_0056,Plaid.routing_number,Plaid.account_number,0.3693889579477667,routing_number|bank_account_number,Vetoes: routing number must not merge with account number; account/card subtypes are ambiguous: payment_account:routing_number vs payment_account:account_number | explicit negative pair hard veto,,,TN,REJECT_UNSAFE,routing_number|bank_account_number,production,0.3693889579477667,0.8649208322317146,0.3333333333333333,routing number must not merge with account number; account/card subtypes are ambiguous: payment_account:routing_number vs payment_account:account_number; schema-declared do_not_merge_with_families veto; explicit negative pair hard veto,,,False
TN_0057,Plaid.transaction_amount,Plaid.transaction_date,0.2790470202377512,payment_amount|transaction_date,Vetoes: schema-declared do_not_merge_with_families veto | schema-declared do_not_merge_with_families veto,,,TN,REJECT_UNSAFE,payment_amount|transaction_date,discovery,0.2790470202377512,0.6068010102030987,0.3333333333333333,schema-declared do_not_merge_with_families veto,,,False
TN_0058,Plaid.transaction_amount,Plaid.transaction_date,0.2790470202377512,payment_amount|transaction_date,Vetoes: schema-declared do_not_merge_with_families veto | schema-declared do_not_merge_with_families veto,,,TN,REJECT_UNSAFE,payment_amount|transaction_date,production,0.2790470202377512,0.6068010102030987,0.3333333333333333,schema-declared do_not_merge_with_families veto,,,False
TN_0059,Plaid.transaction_date,Mastercard.transaction_amount,0.17000342957307474,transaction_date|payment_amount,Vetoes: schema-declared do_not_merge_with_families veto | schema-declared do_not_merge_with_families veto,,,TN,REJECT_UNSAFE,transaction_date|payment_amount,discovery,0.17000342957307474,0.2952478940183088,0.3333333333333333,schema-declared do_not_merge_with_families veto,,,False
TN_0060,Plaid.transaction_date,Mastercard.transaction_amount,0.17000342957307474,transaction_date|payment_amount,Vetoes: schema-declared do_not_merge_with_families veto | schema-declared do_not_merge_with_families veto,,,TN,REJECT_UNSAFE,transaction_date|payment_amount,production,0.17000342957307474,0.2952478940183088,0.3333333333333333,schema-declared do_not_merge_with_families veto,,,False
TN_0061,Plaid.transaction_date,PPVisa.exp,0.20583852960810806,transaction_date|card_expiration_date,insufficient evidence,,,TN,DEFER,transaction_date|card_expiration_date,discovery,0.20583852960810806,0.39763389411840394,0.3333333333333333,,,,False
TN_0062,Plaid.transaction_date,PPVisa.exp,0.20583852960810806,transaction_date|card_expiration_date,insufficient evidence,,,TN,DEFER,transaction_date|card_expiration_date,production,0.20583852960810806,0.39763389411840394,0.3333333333333333,,,,False
TN_0063,Plaid.transaction_date,UPI.txn_amount,0.17003025279642603,transaction_date|payment_amount,Vetoes: schema-declared do_not_merge_with_families veto | schema-declared do_not_merge_with_families veto,,,TN,REJECT_UNSAFE,transaction_date|payment_amount,discovery,0.17003025279642603,0.29532453179931245,0.3333333333333333,schema-declared do_not_merge_with_families veto,,,False
TN_0064,Plaid.transaction_date,UPI.txn_amount,0.17003025279642603,transaction_date|payment_amount,Vetoes: schema-declared do_not_merge_with_families veto | schema-declared do_not_merge_with_families veto,,,TN,REJECT_UNSAFE,transaction_date|payment_amount,production,0.17003025279642603,0.29532453179931245,0.3333333333333333,schema-declared do_not_merge_with_families veto,,,False
TN_0065,Plaid.transaction_date,UPI.txn_id,0.19186074828496774,transaction_date|payment_identifier,Vetoes: identifier must not merge with payment/temporal | identifier must not merge with payment/temporal,,,TN,REJECT_UNSAFE,transaction_date|payment_identifier,discovery,0.19186074828496774,0.3576973760522888,0.3333333333333333,identifier must not merge with payment/temporal,,,False
TN_0066,Plaid.transaction_date,UPI.txn_id,0.19186074828496774,transaction_date|payment_identifier,Vetoes: identifier must not merge with payment/temporal | identifier must not merge with payment/temporal,,,TN,REJECT_UNSAFE,transaction_date|payment_identifier,production,0.19186074828496774,0.3576973760522888,0.3333333333333333,identifier must not merge with payment/temporal,,,False
TN_0067,Plaid.transaction_date,UPI.txn_timestamp,0.30096569732301537,transaction_date|transaction_timestamp,insufficient evidence,,,TN,DEFER,transaction_date|transaction_timestamp,discovery,0.30096569732301537,0.6694258018752821,0.3333333333333333,,,,False
TN_0068,Plaid.transaction_date,UPI.txn_timestamp,0.30096569732301537,transaction_date|transaction_timestamp,insufficient evidence,,,TN,DEFER,transaction_date|transaction_timestamp,production,0.30096569732301537,0.6694258018752821,0.3333333333333333,,,,False
TN_0069,Plaid.transaction_id,Plaid.transaction_amount,0.2956718721842233,payment_identifier|payment_amount,Vetoes: identifier must not merge with payment/temporal | identifier must not merge with payment/temporal,,,TN,REJECT_UNSAFE,payment_identifier|payment_amount,discovery,0.2956718721842233,0.6543005871930191,0.3333333333333333,identifier must not merge with payment/temporal,,,False
TN_0070,Plaid.transaction_id,Plaid.transaction_amount,0.2956718721842233,payment_identifier|payment_amount,Vetoes: identifier must not merge with payment/temporal | identifier must not merge with payment/temporal,,,TN,REJECT_UNSAFE,payment_identifier|payment_amount,production,0.2956718721842233,0.6543005871930191,0.3333333333333333,identifier must not merge with payment/temporal,,,False
TN_0071,Plaid.transaction_id,Plaid.transaction_date,0.29182285074720093,payment_identifier|transaction_date,Vetoes: identifier must not merge with payment/temporal | identifier must not merge with payment/temporal,,,TN,REJECT_UNSAFE,payment_identifier|transaction_date,discovery,0.29182285074720093,0.6433033830872409,0.3333333333333333,identifier must not merge with payment/temporal,,,False
TN_0072,Plaid.transaction_id,Plaid.transaction_date,0.29182285074720093,payment_identifier|transaction_date,Vetoes: identifier must not merge with payment/temporal | identifier must not merge with payment/temporal,,,TN,REJECT_UNSAFE,payment_identifier|transaction_date,production,0.29182285074720093,0.6433033830872409,0.3333333333333333,identifier must not merge with payment/temporal,,,False
TN_0073,Plaid.transaction_id,Razorpay.razorpay_payment_id,0.44487558797418514,payment_identifier,insufficient evidence,,,TN,DEFER,payment_identifier,discovery,0.44487558797418514,0.41393025135481465,0.25,,,,False
TN_0074,Plaid.transaction_id,Razorpay.razorpay_payment_id,0.44487558797418514,payment_identifier,insufficient evidence,,,TN,DEFER,payment_identifier,production,0.44487558797418514,0.41393025135481465,0.25,,,,False
TN_0075,Plaid.transaction_id,Stripe.customer_id,0.2070202624271642,payment_identifier|customer_identifier,Vetoes: identifier subtypes must remain separate: identifier:transaction vs identifier:customer; schema-declared do_not_merge_with_families veto | explicit negative pair hard veto,,,TN,REJECT_UNSAFE,payment_identifier|customer_identifier,discovery,0.2070202624271642,0.40101027360142155,0.3333333333333333,identifier subtypes must remain separate: identifier:transaction vs identifier:customer; schema-declared do_not_merge_with_families veto; explicit negative pair hard veto,,,False
TN_0076,Plaid.transaction_id,Stripe.customer_id,0.2070202624271642,payment_identifier|customer_identifier,Vetoes: identifier subtypes must remain separate: identifier:transaction vs identifier:customer; schema-declared do_not_merge_with_families veto | explicit negative pair hard veto,,,TN,REJECT_UNSAFE,payment_identifier|customer_identifier,production,0.2070202624271642,0.40101027360142155,0.3333333333333333,identifier subtypes must remain separate: identifier:transaction vs identifier:customer; schema-declared do_not_merge_with_families veto; explicit negative pair hard veto,,,False
TN_0077,Plaid.transaction_id,Stripe.payment_intent_id,0.4451322142712617,payment_identifier,insufficient evidence,,,TN,DEFER,payment_identifier,discovery,0.4451322142712617,0.4146634693464619,0.25,,,,False
TN_0078,Plaid.transaction_id,Stripe.payment_intent_id,0.4451322142712617,payment_identifier,insufficient evidence,,,TN,DEFER,payment_identifier,production,0.4451322142712617,0.4146634693464619,0.25,,,,False
TN_0079,Plaid.transaction_id,UPI.txn_amount,0.19161255351750528,payment_identifier|payment_amount,Vetoes: identifier must not merge with payment/temporal | identifier must not merge with payment/temporal,,,TN,REJECT_UNSAFE,payment_identifier|payment_amount,discovery,0.19161255351750528,0.35698824814525326,0.3333333333333333,identifier must not merge with payment/temporal,,,False
TN_0080,Plaid.transaction_id,UPI.txn_amount,0.19161255351750528,payment_identifier|payment_amount,Vetoes: identifier must not merge with payment/temporal | identifier must not merge with payment/temporal,,,TN,REJECT_UNSAFE,payment_identifier|payment_amount,production,0.19161255351750528,0.35698824814525326,0.3333333333333333,identifier must not merge with payment/temporal,,,False
TN_0081,Plaid.transaction_id,UPI.txn_status,0.19140721663566876,payment_identifier|payment_status,Vetoes: identifier must not merge with payment/temporal | identifier must not merge with payment/temporal,,,TN,REJECT_UNSAFE,payment_identifier|payment_status,discovery,0.19140721663566876,0.356401571340006,0.3333333333333333,identifier must not merge with payment/temporal,,,False
TN_0082,Plaid.transaction_id,UPI.txn_status,0.19140721663566876,payment_identifier|payment_status,Vetoes: identifier must not merge with payment/temporal | identifier must not merge with payment/temporal,,,TN,REJECT_UNSAFE,payment_identifier|payment_status,production,0.19140721663566876,0.356401571340006,0.3333333333333333,identifier must not merge with payment/temporal,,,False
TN_0083,Plaid.transaction_id,UPI.txn_timestamp,0.22229285756266515,payment_identifier|transaction_timestamp,Vetoes: identifier must not merge with payment/temporal | identifier must not merge with payment/temporal,,,TN,REJECT_UNSAFE,payment_identifier|transaction_timestamp,discovery,0.22229285756266515,0.44464625970285276,0.3333333333333333,identifier must not merge with payment/temporal,,,False
TN_0084,Plaid.transaction_id,UPI.txn_timestamp,0.22229285756266515,payment_identifier|transaction_timestamp,Vetoes: identifier must not merge with payment/temporal | identifier must not merge with payment/temporal,,,TN,REJECT_UNSAFE,payment_identifier|transaction_timestamp,production,0.22229285756266515,0.44464625970285276,0.3333333333333333,identifier must not merge with payment/temporal,,,False
TN_0085,Razorpay.razorpay_payment_id,Razorpay.razorpay_order_id,0.3549516176103096,payment_identifier|order_identifier,Vetoes: identifier subtypes must remain separate: identifier:razorpay_payment vs identifier:order; schema-declared do_not_merge_with_families veto | explicit negative pair hard veto,,,TN,REJECT_UNSAFE,payment_identifier|order_identifier,discovery,0.3549516176103096,0.7284331931723131,0.5,identifier subtypes must remain separate: identifier:razorpay_payment vs identifier:order; schema-declared do_not_merge_with_families veto; explicit negative pair hard veto,,,False
TN_0086,Razorpay.razorpay_payment_id,Razorpay.razorpay_order_id,0.3549516176103096,payment_identifier|order_identifier,Vetoes: identifier subtypes must remain separate: identifier:razorpay_payment vs identifier:order; schema-declared do_not_merge_with_families veto | explicit negative pair hard veto,,,TN,REJECT_UNSAFE,payment_identifier|order_identifier,production,0.3549516176103096,0.7284331931723131,0.5,identifier subtypes must remain separate: identifier:razorpay_payment vs identifier:order; schema-declared do_not_merge_with_families veto; explicit negative pair hard veto,,,False
TN_0087,Razorpay.razorpay_payment_id,Stripe.payment_intent_id,0.5338702057640392,payment_identifier,Vetoes: explicit negative pair hard veto | explicit negative pair hard veto,,,TN,REJECT_UNSAFE,payment_identifier,discovery,0.5338702057640392,0.525343445040112,0.5,explicit negative pair hard veto,,,False
TN_0088,Razorpay.razorpay_payment_id,Stripe.payment_intent_id,0.5338702057640392,payment_identifier,Vetoes: explicit negative pair hard veto | explicit negative pair hard veto,,,TN,REJECT_UNSAFE,payment_identifier,production,0.5338702057640392,0.525343445040112,0.5,explicit negative pair hard veto,,,False
TN_0089,Razorpay.razorpay_payment_id,UPI.txn_id,0.41612942472453124,payment_identifier,insufficient evidence,,,TN,DEFER,payment_identifier,discovery,0.41612942472453124,0.3317983563558035,0.25,,,,False
TN_0090,Razorpay.razorpay_payment_id,UPI.txn_id,0.41612942472453124,payment_identifier,insufficient evidence,,,TN,DEFER,payment_identifier,production,0.41612942472453124,0.3317983563558035,0.25,,,,False
TN_0091,Razorpay.vpa,UPI.payee_vpa,0.3863331756916567,virtual_payment_address|payee_virtual_payment_address,Vetoes: role conflict: payer vs payee; explicit negative pair hard veto | explicit negative pair hard veto,,,TN,REJECT_UNSAFE,virtual_payment_address|payee_virtual_payment_address,discovery,0.3863331756916567,0.675237644833305,0.75,role conflict: payer vs payee; explicit negative pair hard veto,,,False
TN_0092,Razorpay.vpa,UPI.payee_vpa,0.3863331756916567,virtual_payment_address|payee_virtual_payment_address,Vetoes: role conflict: payer vs payee; explicit negative pair hard veto | explicit negative pair hard veto,,,TN,REJECT_UNSAFE,virtual_payment_address|payee_virtual_payment_address,production,0.3863331756916567,0.675237644833305,0.75,role conflict: payer vs payee; explicit negative pair hard veto,,,False
TN_0093,Stripe.card_last4,Stripe.card_brand,0.2966807654655452,card_last4|card_brand,Vetoes: account/card subtypes are ambiguous: payment_card:last4 vs payment_card:brand; explicit negative pair hard veto | explicit negative pair hard veto,,,TN,REJECT_UNSAFE,card_last4|card_brand,discovery,0.2966807654655452,0.6571831394253674,0.3333333333333333,account/card subtypes are ambiguous: payment_card:last4 vs payment_card:brand; explicit negative pair hard veto,,,False
TN_0094,Stripe.card_last4,Stripe.card_brand,0.2966807654655452,card_last4|card_brand,Vetoes: account/card subtypes are ambiguous: payment_card:last4 vs payment_card:brand; explicit negative pair hard veto | explicit negative pair hard veto,,,TN,REJECT_UNSAFE,card_last4|card_brand,production,0.2966807654655452,0.6571831394253674,0.3333333333333333,account/card subtypes are ambiguous: payment_card:last4 vs payment_card:brand; explicit negative pair hard veto,,,False
TN_0095,Stripe.payment_intent_id,UPI.txn_id,0.43688466402415854,payment_identifier,insufficient evidence,,,TN,DEFER,payment_identifier,discovery,0.43688466402415854,0.39109904006902435,0.25,,,,False
TN_0096,Stripe.payment_intent_id,UPI.txn_id,0.43688466402415854,payment_identifier,insufficient evidence,,,TN,DEFER,payment_identifier,production,0.43688466402415854,0.39109904006902435,0.25,,,,False
TN_0097,UPI.txn_amount,UPI.txn_status,0.3391972196017013,payment_amount|payment_status,Vetoes: schema-declared do_not_merge_with_families veto | schema-declared do_not_merge_with_families veto,,,TN,REJECT_UNSAFE,payment_amount|payment_status,discovery,0.3391972196017013,0.7786587226715276,0.3333333333333333,schema-declared do_not_merge_with_families veto,,,False
TN_0098,UPI.txn_amount,UPI.txn_status,0.3391972196017013,payment_amount|payment_status,Vetoes: schema-declared do_not_merge_with_families veto | schema-declared do_not_merge_with_families veto,,,TN,REJECT_UNSAFE,payment_amount|payment_status,production,0.3391972196017013,0.7786587226715276,0.3333333333333333,schema-declared do_not_merge_with_families veto,,,False
TN_0099,UPI.txn_amount,UPI.txn_timestamp,0.25168119772243364,payment_amount|transaction_timestamp,Vetoes: schema-declared do_not_merge_with_families veto | schema-declared do_not_merge_with_families veto,,,TN,REJECT_UNSAFE,payment_amount|transaction_timestamp,discovery,0.25168119772243364,0.52861294587362,0.3333333333333333,schema-declared do_not_merge_with_families veto,,,False
TN_0100,UPI.txn_amount,UPI.txn_timestamp,0.25168119772243364,payment_amount|transaction_timestamp,Vetoes: schema-declared do_not_merge_with_families veto | schema-declared do_not_merge_with_families veto,,,TN,REJECT_UNSAFE,payment_amount|transaction_timestamp,production,0.25168119772243364,0.52861294587362,0.3333333333333333,schema-declared do_not_merge_with_families veto,,,False
TN_0101,UPI.txn_id,Stripe.customer_id,0.18699866485959177,payment_identifier|customer_identifier,Vetoes: identifier subtypes must remain separate: identifier:upi_transaction vs identifier:customer; schema-declared do_not_merge_with_families veto | explicit negative pair hard veto,,,TN,REJECT_UNSAFE,payment_identifier|customer_identifier,discovery,0.18699866485959177,0.3438057091226432,0.3333333333333333,identifier subtypes must remain separate: identifier:upi_transaction vs identifier:customer; schema-declared do_not_merge_with_families veto; explicit negative pair hard veto,,,False
TN_0102,UPI.txn_id,Stripe.customer_id,0.18699866485959177,payment_identifier|customer_identifier,Vetoes: identifier subtypes must remain separate: identifier:upi_transaction vs identifier:customer; schema-declared do_not_merge_with_families veto | explicit negative pair hard veto,,,TN,REJECT_UNSAFE,payment_identifier|customer_identifier,production,0.18699866485959177,0.3438057091226432,0.3333333333333333,identifier subtypes must remain separate: identifier:upi_transaction vs identifier:customer; schema-declared do_not_merge_with_families veto; explicit negative pair hard veto,,,False
TN_0103,UPI.txn_id,UPI.txn_amount,0.2868018945411127,payment_identifier|payment_amount,Vetoes: identifier must not merge with payment/temporal | identifier must not merge with payment/temporal,,,TN,REJECT_UNSAFE,payment_identifier|payment_amount,discovery,0.2868018945411127,0.6289577939269887,0.3333333333333333,identifier must not merge with payment/temporal,,,False
TN_0104,UPI.txn_id,UPI.txn_amount,0.2868018945411127,payment_identifier|payment_amount,Vetoes: identifier must not merge with payment/temporal | identifier must not merge with payment/temporal,,,TN,REJECT_UNSAFE,payment_identifier|payment_amount,production,0.2868018945411127,0.6289577939269887,0.3333333333333333,identifier must not merge with payment/temporal,,,False
TN_0105,UPI.txn_id,UPI.txn_status,0.29066067095630804,payment_identifier|payment_status,Vetoes: identifier must not merge with payment/temporal; schema-declared do_not_merge_with_families veto | identifier must not merge with payment/temporal; schema-declared do_not_merge_with_families veto,,,TN,REJECT_UNSAFE,payment_identifier|payment_status,discovery,0.29066067095630804,0.6399828693989754,0.3333333333333333,identifier must not merge with payment/temporal; schema-declared do_not_merge_with_families veto,,,False
TN_0106,UPI.txn_id,UPI.txn_status,0.29066067095630804,payment_identifier|payment_status,Vetoes: identifier must not merge with payment/temporal; schema-declared do_not_merge_with_families veto | identifier must not merge with payment/temporal; schema-declared do_not_merge_with_families veto,,,TN,REJECT_UNSAFE,payment_identifier|payment_status,production,0.29066067095630804,0.6399828693989754,0.3333333333333333,identifier must not merge with payment/temporal; schema-declared do_not_merge_with_families veto,,,False
TN_0107,UPI.txn_id,UPI.txn_timestamp,0.301350362013138,payment_identifier|transaction_timestamp,Vetoes: identifier must not merge with payment/temporal | identifier must not merge with payment/temporal,,,TN,REJECT_UNSAFE,payment_identifier|transaction_timestamp,discovery,0.301350362013138,0.6705248438470609,0.3333333333333333,identifier must not merge with payment/temporal,,,False
TN_0108,UPI.txn_id,UPI.txn_timestamp,0.301350362013138,payment_identifier|transaction_timestamp,Vetoes: identifier must not merge with payment/temporal | identifier must not merge with payment/temporal,,,TN,REJECT_UNSAFE,payment_identifier|transaction_timestamp,production,0.301350362013138,0.6705248438470609,0.3333333333333333,identifier must not merge with payment/temporal,,,False
TN_0109,UPI.txn_status,Mastercard.transaction_amount,0.21718767083562285,payment_status|payment_amount,Vetoes: schema-declared do_not_merge_with_families veto | schema-declared do_not_merge_with_families veto,,,TN,REJECT_UNSAFE,payment_status|payment_amount,discovery,0.21718767083562285,0.4300600119113034,0.3333333333333333,schema-declared do_not_merge_with_families veto,,,False
TN_0110,UPI.txn_status,Mastercard.transaction_amount,0.21718767083562285,payment_status|payment_amount,Vetoes: schema-declared do_not_merge_with_families veto | schema-declared do_not_merge_with_families veto,,,TN,REJECT_UNSAFE,payment_status|payment_amount,production,0.21718767083562285,0.4300600119113034,0.3333333333333333,schema-declared do_not_merge_with_families veto,,,False
TN_0111,UPI.txn_status,Plaid.transaction_amount,0.20443616146447235,payment_status|payment_amount,Vetoes: schema-declared do_not_merge_with_families veto | schema-declared do_not_merge_with_families veto,,,TN,REJECT_UNSAFE,payment_status|payment_amount,discovery,0.20443616146447235,0.3936271279937305,0.3333333333333333,schema-declared do_not_merge_with_families veto,,,False
TN_0112,UPI.txn_status,Plaid.transaction_amount,0.20443616146447235,payment_status|payment_amount,Vetoes: schema-declared do_not_merge_with_families veto | schema-declared do_not_merge_with_families veto,,,TN,REJECT_UNSAFE,payment_status|payment_amount,production,0.20443616146447235,0.3936271279937305,0.3333333333333333,schema-declared do_not_merge_with_families veto,,,False
TN_0113,UPI.txn_timestamp,Mastercard.transaction_amount,0.17363624178144654,transaction_timestamp|payment_amount,Vetoes: schema-declared do_not_merge_with_families veto | schema-declared do_not_merge_with_families veto,,,TN,REJECT_UNSAFE,transaction_timestamp|payment_amount,discovery,0.17363624178144654,0.3056273574707997,0.3333333333333333,schema-declared do_not_merge_with_families veto,,,False
TN_0114,UPI.txn_timestamp,Mastercard.transaction_amount,0.17363624178144654,transaction_timestamp|payment_amount,Vetoes: schema-declared do_not_merge_with_families veto | schema-declared do_not_merge_with_families veto,,,TN,REJECT_UNSAFE,transaction_timestamp|payment_amount,production,0.17363624178144654,0.3056273574707997,0.3333333333333333,schema-declared do_not_merge_with_families veto,,,False
TN_0115,UPI.txn_timestamp,Plaid.transaction_amount,0.1665768184630926,transaction_timestamp|payment_amount,Vetoes: schema-declared do_not_merge_with_families veto | schema-declared do_not_merge_with_families veto,,,TN,REJECT_UNSAFE,transaction_timestamp|payment_amount,discovery,0.1665768184630926,0.285457576561217,0.3333333333333333,schema-declared do_not_merge_with_families veto,,,False
TN_0116,UPI.txn_timestamp,Plaid.transaction_amount,0.1665768184630926,transaction_timestamp|payment_amount,Vetoes: schema-declared do_not_merge_with_families veto | schema-declared do_not_merge_with_families veto,,,TN,REJECT_UNSAFE,transaction_timestamp|payment_amount,production,0.1665768184630926,0.285457576561217,0.3333333333333333,schema-declared do_not_merge_with_families veto,,,False
TN_0117,UPI.txn_timestamp,UPI.txn_status,0.2560495911389983,transaction_timestamp|payment_status,Vetoes: temporal must not merge with status; schema-declared do_not_merge_with_families veto | temporal must not merge with status; schema-declared do_not_merge_with_families veto,,,TN,REJECT_UNSAFE,transaction_timestamp|payment_status,discovery,0.2560495911389983,0.5410940699209474,0.3333333333333333,temporal must not merge with status; schema-declared do_not_merge_with_families veto,,,False
TN_0118,UPI.txn_timestamp,UPI.txn_status,0.2560495911389983,transaction_timestamp|payment_status,Vetoes: temporal must not merge with status; schema-declared do_not_merge_with_families veto | temporal must not merge with status; schema-declared do_not_merge_with_families veto,,,TN,REJECT_UNSAFE,transaction_timestamp|payment_status,production,0.2560495911389983,0.5410940699209474,0.3333333333333333,temporal must not merge with status; schema-declared do_not_merge_with_families veto,,,False
TN_0119,UPI.vpa,UPI.payee_vpa,0.4214013995824887,virtual_payment_address|payee_virtual_payment_address,Vetoes: explicit negative pair hard veto | explicit negative pair hard veto,,,TN,REJECT_UNSAFE,virtual_payment_address|payee_virtual_payment_address,discovery,0.4214013995824887,0.7754325702356819,0.75,explicit negative pair hard veto,,,False
TN_0120,UPI.vpa,UPI.payee_vpa,0.4214013995824887,virtual_payment_address|payee_virtual_payment_address,Vetoes: explicit negative pair hard veto | explicit negative pair hard veto,,,TN,REJECT_UNSAFE,virtual_payment_address|payee_virtual_payment_address,production,0.4214013995824887,0.7754325702356819,0.75,explicit negative pair hard veto,,,False
