payment_type,payload_file,schema_id,decision,required_missing,unexpected_fields,mapped_fields,normal_form_checks,reasons,pattern_mismatch_diagnostic
INAmex,INAmex_payload_01.json,INAmex_CardPayment_v15,PASS,,,"{""canonical_node"": ""card_primary_account_number"", ""field"": ""PrimaryAccountNumber"", ""semantic_family"": ""payment_card:pan""}; {""canonical_node"": ""card_expiration_date"", ""field"": ""ExpirationDate"", ""semantic_family"": ""payment_card:expiration_date""}; {""canonical_node"": ""card_verification_value"", ""field"": ""CardVerificationValue"", ""semantic_family"": ""payment_card:verification_value""}; {""canonical_node"": ""cardholder_name"", ""field"": ""CardHolderName"", ""semantic_family"": ""party:cardholder_name""}","{""payload_schema_mapping"": ""PASS""}",,
INAmex,INAmex_payload_02.json,INAmex_CardPayment_v15,PASS,,,"{""canonical_node"": ""card_primary_account_number"", ""field"": ""PrimaryAccountNumber"", ""semantic_family"": ""payment_card:pan""}; {""canonical_node"": ""card_expiration_date"", ""field"": ""ExpirationDate"", ""semantic_family"": ""payment_card:expiration_date""}; {""canonical_node"": ""card_verification_value"", ""field"": ""CardVerificationValue"", ""semantic_family"": ""payment_card:verification_value""}; {""canonical_node"": ""cardholder_name"", ""field"": ""CardHolderName"", ""semantic_family"": ""party:cardholder_name""}","{""payload_schema_mapping"": ""PASS""}",,
INAmex,INAmex_payload_03.json,INAmex_CardPayment_v15,PASS,,,"{""canonical_node"": ""card_primary_account_number"", ""field"": ""PrimaryAccountNumber"", ""semantic_family"": ""payment_card:pan""}; {""canonical_node"": ""card_expiration_date"", ""field"": ""ExpirationDate"", ""semantic_family"": ""payment_card:expiration_date""}; {""canonical_node"": ""card_verification_value"", ""field"": ""CardVerificationValue"", ""semantic_family"": ""payment_card:verification_value""}; {""canonical_node"": ""cardholder_name"", ""field"": ""CardHolderName"", ""semantic_family"": ""party:cardholder_name""}","{""payload_schema_mapping"": ""PASS""}",,
INAmex,INAmex_payload_04.json,INAmex_CardPayment_v15,PASS,,,"{""canonical_node"": ""card_primary_account_number"", ""field"": ""PrimaryAccountNumber"", ""semantic_family"": ""payment_card:pan""}; {""canonical_node"": ""card_expiration_date"", ""field"": ""ExpirationDate"", ""semantic_family"": ""payment_card:expiration_date""}; {""canonical_node"": ""card_verification_value"", ""field"": ""CardVerificationValue"", ""semantic_family"": ""payment_card:verification_value""}; {""canonical_node"": ""cardholder_name"", ""field"": ""CardHolderName"", ""semantic_family"": ""party:cardholder_name""}","{""payload_schema_mapping"": ""PASS""}",,
INAmex,INAmex_payload_05.json,INAmex_CardPayment_v15,PASS,,,"{""canonical_node"": ""card_primary_account_number"", ""field"": ""PrimaryAccountNumber"", ""semantic_family"": ""payment_card:pan""}; {""canonical_node"": ""card_expiration_date"", ""field"": ""ExpirationDate"", ""semantic_family"": ""payment_card:expiration_date""}; {""canonical_node"": ""card_verification_value"", ""field"": ""CardVerificationValue"", ""semantic_family"": ""payment_card:verification_value""}; {""canonical_node"": ""cardholder_name"", ""field"": ""CardHolderName"", ""semantic_family"": ""party:cardholder_name""}","{""payload_schema_mapping"": ""PASS""}",,
INAmex,INAmex_payload_06.json,INAmex_CardPayment_v15,PASS,,,"{""canonical_node"": ""card_primary_account_number"", ""field"": ""PrimaryAccountNumber"", ""semantic_family"": ""payment_card:pan""}; {""canonical_node"": ""card_expiration_date"", ""field"": ""ExpirationDate"", ""semantic_family"": ""payment_card:expiration_date""}; {""canonical_node"": ""card_verification_value"", ""field"": ""CardVerificationValue"", ""semantic_family"": ""payment_card:verification_value""}; {""canonical_node"": ""cardholder_name"", ""field"": ""CardHolderName"", ""semantic_family"": ""party:cardholder_name""}","{""payload_schema_mapping"": ""PASS""}",,
INAmex,INAmex_payload_07.json,INAmex_CardPayment_v15,PASS,,,"{""canonical_node"": ""card_primary_account_number"", ""field"": ""PrimaryAccountNumber"", ""semantic_family"": ""payment_card:pan""}; {""canonical_node"": ""card_expiration_date"", ""field"": ""ExpirationDate"", ""semantic_family"": ""payment_card:expiration_date""}; {""canonical_node"": ""card_verification_value"", ""field"": ""CardVerificationValue"", ""semantic_family"": ""payment_card:verification_value""}; {""canonical_node"": ""cardholder_name"", ""field"": ""CardHolderName"", ""semantic_family"": ""party:cardholder_name""}","{""payload_schema_mapping"": ""PASS""}",,
INAmex,INAmex_payload_08.json,INAmex_CardPayment_v15,PASS,,,"{""canonical_node"": ""card_primary_account_number"", ""field"": ""PrimaryAccountNumber"", ""semantic_family"": ""payment_card:pan""}; {""canonical_node"": ""card_expiration_date"", ""field"": ""ExpirationDate"", ""semantic_family"": ""payment_card:expiration_date""}; {""canonical_node"": ""card_verification_value"", ""field"": ""CardVerificationValue"", ""semantic_family"": ""payment_card:verification_value""}; {""canonical_node"": ""cardholder_name"", ""field"": ""CardHolderName"", ""semantic_family"": ""party:cardholder_name""}","{""payload_schema_mapping"": ""PASS""}",,
ISO20022,ISO20022_payload_01.json,ISO20022_pacs008_CreditTransfer_v15,PASS,,,"{""canonical_node"": ""message_identifier"", ""field"": ""msg_id"", ""semantic_family"": ""identifier:message""}; {""canonical_node"": ""end_to_end_identifier"", ""field"": ""end_to_end_id"", ""semantic_family"": ""identifier:end_to_end_payment""}; {""canonical_node"": ""payment_amount"", ""field"": ""instd_amt"", ""semantic_family"": ""payment:amount""}; {""canonical_node"": ""payment_currency"", ""field"": ""currency"", ""semantic_family"": ""payment:currency""}; {""canonical_node"": ""debtor_name"", ""field"": ""dbtr_nm"", ""semantic_family"": ""party:debtor_name""}; {""canonical_node"": ""creditor_name"", ""field"": ""cdtr_nm"", ""semantic_family"": ""party:creditor_name""}; {""canonical_node"": ""debtor_account"", ""field"": ""dbtr_acct"", ""semantic_family"": ""payment_account:debtor_account""}; {""canonical_node"": ""creditor_account"", ""field"": ""cdtr_acct"", ""semantic_family"": ""payment_account:creditor_account""}; {""canonical_node"": ""requested_execution_date"", ""field"": ""reqd_exctn_dt"", ""semantic_family"": ""temporal:requested_execution_date""}","{""payload_schema_mapping"": ""PASS""}",,
ISO20022,ISO20022_payload_02.json,ISO20022_pacs008_CreditTransfer_v15,PASS,,,"{""canonical_node"": ""message_identifier"", ""field"": ""msg_id"", ""semantic_family"": ""identifier:message""}; {""canonical_node"": ""end_to_end_identifier"", ""field"": ""end_to_end_id"", ""semantic_family"": ""identifier:end_to_end_payment""}; {""canonical_node"": ""payment_amount"", ""field"": ""instd_amt"", ""semantic_family"": ""payment:amount""}; {""canonical_node"": ""payment_currency"", ""field"": ""currency"", ""semantic_family"": ""payment:currency""}; {""canonical_node"": ""debtor_name"", ""field"": ""dbtr_nm"", ""semantic_family"": ""party:debtor_name""}; {""canonical_node"": ""creditor_name"", ""field"": ""cdtr_nm"", ""semantic_family"": ""party:creditor_name""}; {""canonical_node"": ""debtor_account"", ""field"": ""dbtr_acct"", ""semantic_family"": ""payment_account:debtor_account""}; {""canonical_node"": ""creditor_account"", ""field"": ""cdtr_acct"", ""semantic_family"": ""payment_account:creditor_account""}; {""canonical_node"": ""requested_execution_date"", ""field"": ""reqd_exctn_dt"", ""semantic_family"": ""temporal:requested_execution_date""}","{""payload_schema_mapping"": ""PASS""}",,
ISO20022,ISO20022_payload_03.json,ISO20022_pacs008_CreditTransfer_v15,PASS,,,"{""canonical_node"": ""message_identifier"", ""field"": ""msg_id"", ""semantic_family"": ""identifier:message""}; {""canonical_node"": ""end_to_end_identifier"", ""field"": ""end_to_end_id"", ""semantic_family"": ""identifier:end_to_end_payment""}; {""canonical_node"": ""payment_amount"", ""field"": ""instd_amt"", ""semantic_family"": ""payment:amount""}; {""canonical_node"": ""payment_currency"", ""field"": ""currency"", ""semantic_family"": ""payment:currency""}; {""canonical_node"": ""debtor_name"", ""field"": ""dbtr_nm"", ""semantic_family"": ""party:debtor_name""}; {""canonical_node"": ""creditor_name"", ""field"": ""cdtr_nm"", ""semantic_family"": ""party:creditor_name""}; {""canonical_node"": ""debtor_account"", ""field"": ""dbtr_acct"", ""semantic_family"": ""payment_account:debtor_account""}; {""canonical_node"": ""creditor_account"", ""field"": ""cdtr_acct"", ""semantic_family"": ""payment_account:creditor_account""}; {""canonical_node"": ""requested_execution_date"", ""field"": ""reqd_exctn_dt"", ""semantic_family"": ""temporal:requested_execution_date""}","{""payload_schema_mapping"": ""PASS""}",,
ISO20022,ISO20022_payload_04.json,ISO20022_pacs008_CreditTransfer_v15,PASS,,,"{""canonical_node"": ""message_identifier"", ""field"": ""msg_id"", ""semantic_family"": ""identifier:message""}; {""canonical_node"": ""end_to_end_identifier"", ""field"": ""end_to_end_id"", ""semantic_family"": ""identifier:end_to_end_payment""}; {""canonical_node"": ""payment_amount"", ""field"": ""instd_amt"", ""semantic_family"": ""payment:amount""}; {""canonical_node"": ""payment_currency"", ""field"": ""currency"", ""semantic_family"": ""payment:currency""}; {""canonical_node"": ""debtor_name"", ""field"": ""dbtr_nm"", ""semantic_family"": ""party:debtor_name""}; {""canonical_node"": ""creditor_name"", ""field"": ""cdtr_nm"", ""semantic_family"": ""party:creditor_name""}; {""canonical_node"": ""debtor_account"", ""field"": ""dbtr_acct"", ""semantic_family"": ""payment_account:debtor_account""}; {""canonical_node"": ""creditor_account"", ""field"": ""cdtr_acct"", ""semantic_family"": ""payment_account:creditor_account""}; {""canonical_node"": ""requested_execution_date"", ""field"": ""reqd_exctn_dt"", ""semantic_family"": ""temporal:requested_execution_date""}","{""payload_schema_mapping"": ""PASS""}",,
ISO20022,ISO20022_payload_05.json,ISO20022_pacs008_CreditTransfer_v15,PASS,,,"{""canonical_node"": ""message_identifier"", ""field"": ""msg_id"", ""semantic_family"": ""identifier:message""}; {""canonical_node"": ""end_to_end_identifier"", ""field"": ""end_to_end_id"", ""semantic_family"": ""identifier:end_to_end_payment""}; {""canonical_node"": ""payment_amount"", ""field"": ""instd_amt"", ""semantic_family"": ""payment:amount""}; {""canonical_node"": ""payment_currency"", ""field"": ""currency"", ""semantic_family"": ""payment:currency""}; {""canonical_node"": ""debtor_name"", ""field"": ""dbtr_nm"", ""semantic_family"": ""party:debtor_name""}; {""canonical_node"": ""creditor_name"", ""field"": ""cdtr_nm"", ""semantic_family"": ""party:creditor_name""}; {""canonical_node"": ""debtor_account"", ""field"": ""dbtr_acct"", ""semantic_family"": ""payment_account:debtor_account""}; {""canonical_node"": ""creditor_account"", ""field"": ""cdtr_acct"", ""semantic_family"": ""payment_account:creditor_account""}; {""canonical_node"": ""requested_execution_date"", ""field"": ""reqd_exctn_dt"", ""semantic_family"": ""temporal:requested_execution_date""}","{""payload_schema_mapping"": ""PASS""}",,
ISO20022,ISO20022_payload_06.json,ISO20022_pacs008_CreditTransfer_v15,PASS,,,"{""canonical_node"": ""message_identifier"", ""field"": ""msg_id"", ""semantic_family"": ""identifier:message""}; {""canonical_node"": ""end_to_end_identifier"", ""field"": ""end_to_end_id"", ""semantic_family"": ""identifier:end_to_end_payment""}; {""canonical_node"": ""payment_amount"", ""field"": ""instd_amt"", ""semantic_family"": ""payment:amount""}; {""canonical_node"": ""payment_currency"", ""field"": ""currency"", ""semantic_family"": ""payment:currency""}; {""canonical_node"": ""debtor_name"", ""field"": ""dbtr_nm"", ""semantic_family"": ""party:debtor_name""}; {""canonical_node"": ""creditor_name"", ""field"": ""cdtr_nm"", ""semantic_family"": ""party:creditor_name""}; {""canonical_node"": ""debtor_account"", ""field"": ""dbtr_acct"", ""semantic_family"": ""payment_account:debtor_account""}; {""canonical_node"": ""creditor_account"", ""field"": ""cdtr_acct"", ""semantic_family"": ""payment_account:creditor_account""}; {""canonical_node"": ""requested_execution_date"", ""field"": ""reqd_exctn_dt"", ""semantic_family"": ""temporal:requested_execution_date""}","{""payload_schema_mapping"": ""PASS""}",,
ISO20022,ISO20022_payload_07.json,ISO20022_pacs008_CreditTransfer_v15,PASS,,,"{""canonical_node"": ""message_identifier"", ""field"": ""msg_id"", ""semantic_family"": ""identifier:message""}; {""canonical_node"": ""end_to_end_identifier"", ""field"": ""end_to_end_id"", ""semantic_family"": ""identifier:end_to_end_payment""}; {""canonical_node"": ""payment_amount"", ""field"": ""instd_amt"", ""semantic_family"": ""payment:amount""}; {""canonical_node"": ""payment_currency"", ""field"": ""currency"", ""semantic_family"": ""payment:currency""}; {""canonical_node"": ""debtor_name"", ""field"": ""dbtr_nm"", ""semantic_family"": ""party:debtor_name""}; {""canonical_node"": ""creditor_name"", ""field"": ""cdtr_nm"", ""semantic_family"": ""party:creditor_name""}; {""canonical_node"": ""debtor_account"", ""field"": ""dbtr_acct"", ""semantic_family"": ""payment_account:debtor_account""}; {""canonical_node"": ""creditor_account"", ""field"": ""cdtr_acct"", ""semantic_family"": ""payment_account:creditor_account""}; {""canonical_node"": ""requested_execution_date"", ""field"": ""reqd_exctn_dt"", ""semantic_family"": ""temporal:requested_execution_date""}","{""payload_schema_mapping"": ""PASS""}",,
ISO20022,ISO20022_payload_08.json,ISO20022_pacs008_CreditTransfer_v15,PASS,,,"{""canonical_node"": ""message_identifier"", ""field"": ""msg_id"", ""semantic_family"": ""identifier:message""}; {""canonical_node"": ""end_to_end_identifier"", ""field"": ""end_to_end_id"", ""semantic_family"": ""identifier:end_to_end_payment""}; {""canonical_node"": ""payment_amount"", ""field"": ""instd_amt"", ""semantic_family"": ""payment:amount""}; {""canonical_node"": ""payment_currency"", ""field"": ""currency"", ""semantic_family"": ""payment:currency""}; {""canonical_node"": ""debtor_name"", ""field"": ""dbtr_nm"", ""semantic_family"": ""party:debtor_name""}; {""canonical_node"": ""creditor_name"", ""field"": ""cdtr_nm"", ""semantic_family"": ""party:creditor_name""}; {""canonical_node"": ""debtor_account"", ""field"": ""dbtr_acct"", ""semantic_family"": ""payment_account:debtor_account""}; {""canonical_node"": ""creditor_account"", ""field"": ""cdtr_acct"", ""semantic_family"": ""payment_account:creditor_account""}; {""canonical_node"": ""requested_execution_date"", ""field"": ""reqd_exctn_dt"", ""semantic_family"": ""temporal:requested_execution_date""}","{""payload_schema_mapping"": ""PASS""}",,
Mastercard,Mastercard_payload_01.json,Mastercard_ISO8583_CardAuthorization_v15,PASS,,,"{""canonical_node"": ""card_primary_account_number"", ""field"": ""primary_account_number"", ""semantic_family"": ""payment_card:pan""}; {""canonical_node"": ""processing_code"", ""field"": ""processing_code"", ""semantic_family"": ""iso8583:processing_code""}; {""canonical_node"": ""payment_amount"", ""field"": ""transaction_amount"", ""semantic_family"": ""payment:amount""}; {""canonical_node"": ""transmission_datetime"", ""field"": ""transmission_datetime"", ""semantic_family"": ""temporal:transmission_datetime""}; {""canonical_node"": ""system_trace_audit_number"", ""field"": ""system_trace_audit_number"", ""semantic_family"": ""identifier:stan""}; {""canonical_node"": ""merchant_category_code"", ""field"": ""merchant_category_code"", ""semantic_family"": ""merchant:category_code""}; {""canonical_node"": ""card_acceptor_identifier"", ""field"": ""card_acceptor_id"", ""semantic_family"": ""identifier:card_acceptor""}","{""payload_schema_mapping"": ""PASS""}",,
Mastercard,Mastercard_payload_02.json,Mastercard_ISO8583_CardAuthorization_v15,PASS,,,"{""canonical_node"": ""card_primary_account_number"", ""field"": ""primary_account_number"", ""semantic_family"": ""payment_card:pan""}; {""canonical_node"": ""processing_code"", ""field"": ""processing_code"", ""semantic_family"": ""iso8583:processing_code""}; {""canonical_node"": ""payment_amount"", ""field"": ""transaction_amount"", ""semantic_family"": ""payment:amount""}; {""canonical_node"": ""transmission_datetime"", ""field"": ""transmission_datetime"", ""semantic_family"": ""temporal:transmission_datetime""}; {""canonical_node"": ""system_trace_audit_number"", ""field"": ""system_trace_audit_number"", ""semantic_family"": ""identifier:stan""}; {""canonical_node"": ""merchant_category_code"", ""field"": ""merchant_category_code"", ""semantic_family"": ""merchant:category_code""}; {""canonical_node"": ""card_acceptor_identifier"", ""field"": ""card_acceptor_id"", ""semantic_family"": ""identifier:card_acceptor""}","{""payload_schema_mapping"": ""PASS""}",,
Mastercard,Mastercard_payload_03.json,Mastercard_ISO8583_CardAuthorization_v15,PASS,,,"{""canonical_node"": ""card_primary_account_number"", ""field"": ""primary_account_number"", ""semantic_family"": ""payment_card:pan""}; {""canonical_node"": ""processing_code"", ""field"": ""processing_code"", ""semantic_family"": ""iso8583:processing_code""}; {""canonical_node"": ""payment_amount"", ""field"": ""transaction_amount"", ""semantic_family"": ""payment:amount""}; {""canonical_node"": ""transmission_datetime"", ""field"": ""transmission_datetime"", ""semantic_family"": ""temporal:transmission_datetime""}; {""canonical_node"": ""system_trace_audit_number"", ""field"": ""system_trace_audit_number"", ""semantic_family"": ""identifier:stan""}; {""canonical_node"": ""merchant_category_code"", ""field"": ""merchant_category_code"", ""semantic_family"": ""merchant:category_code""}; {""canonical_node"": ""card_acceptor_identifier"", ""field"": ""card_acceptor_id"", ""semantic_family"": ""identifier:card_acceptor""}","{""payload_schema_mapping"": ""PASS""}",,
Mastercard,Mastercard_payload_04.json,Mastercard_ISO8583_CardAuthorization_v15,PASS,,,"{""canonical_node"": ""card_primary_account_number"", ""field"": ""primary_account_number"", ""semantic_family"": ""payment_card:pan""}; {""canonical_node"": ""processing_code"", ""field"": ""processing_code"", ""semantic_family"": ""iso8583:processing_code""}; {""canonical_node"": ""payment_amount"", ""field"": ""transaction_amount"", ""semantic_family"": ""payment:amount""}; {""canonical_node"": ""transmission_datetime"", ""field"": ""transmission_datetime"", ""semantic_family"": ""temporal:transmission_datetime""}; {""canonical_node"": ""system_trace_audit_number"", ""field"": ""system_trace_audit_number"", ""semantic_family"": ""identifier:stan""}; {""canonical_node"": ""merchant_category_code"", ""field"": ""merchant_category_code"", ""semantic_family"": ""merchant:category_code""}; {""canonical_node"": ""card_acceptor_identifier"", ""field"": ""card_acceptor_id"", ""semantic_family"": ""identifier:card_acceptor""}","{""payload_schema_mapping"": ""PASS""}",,
Mastercard,Mastercard_payload_05.json,Mastercard_ISO8583_CardAuthorization_v15,PASS,,,"{""canonical_node"": ""card_primary_account_number"", ""field"": ""primary_account_number"", ""semantic_family"": ""payment_card:pan""}; {""canonical_node"": ""processing_code"", ""field"": ""processing_code"", ""semantic_family"": ""iso8583:processing_code""}; {""canonical_node"": ""payment_amount"", ""field"": ""transaction_amount"", ""semantic_family"": ""payment:amount""}; {""canonical_node"": ""transmission_datetime"", ""field"": ""transmission_datetime"", ""semantic_family"": ""temporal:transmission_datetime""}; {""canonical_node"": ""system_trace_audit_number"", ""field"": ""system_trace_audit_number"", ""semantic_family"": ""identifier:stan""}; {""canonical_node"": ""merchant_category_code"", ""field"": ""merchant_category_code"", ""semantic_family"": ""merchant:category_code""}; {""canonical_node"": ""card_acceptor_identifier"", ""field"": ""card_acceptor_id"", ""semantic_family"": ""identifier:card_acceptor""}","{""payload_schema_mapping"": ""PASS""}",,
Mastercard,Mastercard_payload_06.json,Mastercard_ISO8583_CardAuthorization_v15,PASS,,,"{""canonical_node"": ""card_primary_account_number"", ""field"": ""primary_account_number"", ""semantic_family"": ""payment_card:pan""}; {""canonical_node"": ""processing_code"", ""field"": ""processing_code"", ""semantic_family"": ""iso8583:processing_code""}; {""canonical_node"": ""payment_amount"", ""field"": ""transaction_amount"", ""semantic_family"": ""payment:amount""}; {""canonical_node"": ""transmission_datetime"", ""field"": ""transmission_datetime"", ""semantic_family"": ""temporal:transmission_datetime""}; {""canonical_node"": ""system_trace_audit_number"", ""field"": ""system_trace_audit_number"", ""semantic_family"": ""identifier:stan""}; {""canonical_node"": ""merchant_category_code"", ""field"": ""merchant_category_code"", ""semantic_family"": ""merchant:category_code""}; {""canonical_node"": ""card_acceptor_identifier"", ""field"": ""card_acceptor_id"", ""semantic_family"": ""identifier:card_acceptor""}","{""payload_schema_mapping"": ""PASS""}",,
Mastercard,Mastercard_payload_07.json,Mastercard_ISO8583_CardAuthorization_v15,PASS,,,"{""canonical_node"": ""card_primary_account_number"", ""field"": ""primary_account_number"", ""semantic_family"": ""payment_card:pan""}; {""canonical_node"": ""processing_code"", ""field"": ""processing_code"", ""semantic_family"": ""iso8583:processing_code""}; {""canonical_node"": ""payment_amount"", ""field"": ""transaction_amount"", ""semantic_family"": ""payment:amount""}; {""canonical_node"": ""transmission_datetime"", ""field"": ""transmission_datetime"", ""semantic_family"": ""temporal:transmission_datetime""}; {""canonical_node"": ""system_trace_audit_number"", ""field"": ""system_trace_audit_number"", ""semantic_family"": ""identifier:stan""}; {""canonical_node"": ""merchant_category_code"", ""field"": ""merchant_category_code"", ""semantic_family"": ""merchant:category_code""}; {""canonical_node"": ""card_acceptor_identifier"", ""field"": ""card_acceptor_id"", ""semantic_family"": ""identifier:card_acceptor""}","{""payload_schema_mapping"": ""PASS""}",,
Mastercard,Mastercard_payload_08.json,Mastercard_ISO8583_CardAuthorization_v15,PASS,,,"{""canonical_node"": ""card_primary_account_number"", ""field"": ""primary_account_number"", ""semantic_family"": ""payment_card:pan""}; {""canonical_node"": ""processing_code"", ""field"": ""processing_code"", ""semantic_family"": ""iso8583:processing_code""}; {""canonical_node"": ""payment_amount"", ""field"": ""transaction_amount"", ""semantic_family"": ""payment:amount""}; {""canonical_node"": ""transmission_datetime"", ""field"": ""transmission_datetime"", ""semantic_family"": ""temporal:transmission_datetime""}; {""canonical_node"": ""system_trace_audit_number"", ""field"": ""system_trace_audit_number"", ""semantic_family"": ""identifier:stan""}; {""canonical_node"": ""merchant_category_code"", ""field"": ""merchant_category_code"", ""semantic_family"": ""merchant:category_code""}; {""canonical_node"": ""card_acceptor_identifier"", ""field"": ""card_acceptor_id"", ""semantic_family"": ""identifier:card_acceptor""}","{""payload_schema_mapping"": ""PASS""}",,
PPVisa,PPVisa_payload_01.json,PPVisa_CardPayload_Inferred_v15,PASS,,,"{""canonical_node"": ""card_primary_account_number"", ""field"": ""pan"", ""semantic_family"": ""payment_card:pan""}; {""canonical_node"": ""card_expiration_date"", ""field"": ""exp"", ""semantic_family"": ""payment_card:expiration_date""}; {""canonical_node"": ""card_verification_value"", ""field"": ""cvv"", ""semantic_family"": ""payment_card:verification_value""}; {""canonical_node"": ""cardholder_name"", ""field"": ""cardholder"", ""semantic_family"": ""party:cardholder_name""}; {""canonical_node"": ""card_issuer"", ""field"": ""issuer"", ""semantic_family"": ""payment_card:issuer""}","{""payload_schema_mapping"": ""PASS""}",,
PPVisa,PPVisa_payload_02.json,PPVisa_CardPayload_Inferred_v15,PASS,,,"{""canonical_node"": ""card_primary_account_number"", ""field"": ""pan"", ""semantic_family"": ""payment_card:pan""}; {""canonical_node"": ""card_expiration_date"", ""field"": ""exp"", ""semantic_family"": ""payment_card:expiration_date""}; {""canonical_node"": ""card_verification_value"", ""field"": ""cvv"", ""semantic_family"": ""payment_card:verification_value""}; {""canonical_node"": ""cardholder_name"", ""field"": ""cardholder"", ""semantic_family"": ""party:cardholder_name""}; {""canonical_node"": ""card_issuer"", ""field"": ""issuer"", ""semantic_family"": ""payment_card:issuer""}","{""payload_schema_mapping"": ""PASS""}",,
PPVisa,PPVisa_payload_03.json,PPVisa_CardPayload_Inferred_v15,PASS,,,"{""canonical_node"": ""card_primary_account_number"", ""field"": ""pan"", ""semantic_family"": ""payment_card:pan""}; {""canonical_node"": ""card_expiration_date"", ""field"": ""exp"", ""semantic_family"": ""payment_card:expiration_date""}; {""canonical_node"": ""card_verification_value"", ""field"": ""cvv"", ""semantic_family"": ""payment_card:verification_value""}; {""canonical_node"": ""cardholder_name"", ""field"": ""cardholder"", ""semantic_family"": ""party:cardholder_name""}; {""canonical_node"": ""card_issuer"", ""field"": ""issuer"", ""semantic_family"": ""payment_card:issuer""}","{""payload_schema_mapping"": ""PASS""}",,
PPVisa,PPVisa_payload_04.json,PPVisa_CardPayload_Inferred_v15,PASS,,,"{""canonical_node"": ""card_primary_account_number"", ""field"": ""pan"", ""semantic_family"": ""payment_card:pan""}; {""canonical_node"": ""card_expiration_date"", ""field"": ""exp"", ""semantic_family"": ""payment_card:expiration_date""}; {""canonical_node"": ""card_verification_value"", ""field"": ""cvv"", ""semantic_family"": ""payment_card:verification_value""}; {""canonical_node"": ""cardholder_name"", ""field"": ""cardholder"", ""semantic_family"": ""party:cardholder_name""}; {""canonical_node"": ""card_issuer"", ""field"": ""issuer"", ""semantic_family"": ""payment_card:issuer""}","{""payload_schema_mapping"": ""PASS""}",,
PPVisa,PPVisa_payload_05.json,PPVisa_CardPayload_Inferred_v15,PASS,,,"{""canonical_node"": ""card_primary_account_number"", ""field"": ""pan"", ""semantic_family"": ""payment_card:pan""}; {""canonical_node"": ""card_expiration_date"", ""field"": ""exp"", ""semantic_family"": ""payment_card:expiration_date""}; {""canonical_node"": ""card_verification_value"", ""field"": ""cvv"", ""semantic_family"": ""payment_card:verification_value""}; {""canonical_node"": ""cardholder_name"", ""field"": ""cardholder"", ""semantic_family"": ""party:cardholder_name""}; {""canonical_node"": ""card_issuer"", ""field"": ""issuer"", ""semantic_family"": ""payment_card:issuer""}","{""payload_schema_mapping"": ""PASS""}",,
PPVisa,PPVisa_payload_06.json,PPVisa_CardPayload_Inferred_v15,PASS,,,"{""canonical_node"": ""card_primary_account_number"", ""field"": ""pan"", ""semantic_family"": ""payment_card:pan""}; {""canonical_node"": ""card_expiration_date"", ""field"": ""exp"", ""semantic_family"": ""payment_card:expiration_date""}; {""canonical_node"": ""card_verification_value"", ""field"": ""cvv"", ""semantic_family"": ""payment_card:verification_value""}; {""canonical_node"": ""cardholder_name"", ""field"": ""cardholder"", ""semantic_family"": ""party:cardholder_name""}; {""canonical_node"": ""card_issuer"", ""field"": ""issuer"", ""semantic_family"": ""payment_card:issuer""}","{""payload_schema_mapping"": ""PASS""}",,
PPVisa,PPVisa_payload_07.json,PPVisa_CardPayload_Inferred_v15,PASS,,,"{""canonical_node"": ""card_primary_account_number"", ""field"": ""pan"", ""semantic_family"": ""payment_card:pan""}; {""canonical_node"": ""card_expiration_date"", ""field"": ""exp"", ""semantic_family"": ""payment_card:expiration_date""}; {""canonical_node"": ""card_verification_value"", ""field"": ""cvv"", ""semantic_family"": ""payment_card:verification_value""}; {""canonical_node"": ""cardholder_name"", ""field"": ""cardholder"", ""semantic_family"": ""party:cardholder_name""}; {""canonical_node"": ""card_issuer"", ""field"": ""issuer"", ""semantic_family"": ""payment_card:issuer""}","{""payload_schema_mapping"": ""PASS""}",,
PPVisa,PPVisa_payload_08.json,PPVisa_CardPayload_Inferred_v15,PASS,,,"{""canonical_node"": ""card_primary_account_number"", ""field"": ""pan"", ""semantic_family"": ""payment_card:pan""}; {""canonical_node"": ""card_expiration_date"", ""field"": ""exp"", ""semantic_family"": ""payment_card:expiration_date""}; {""canonical_node"": ""card_verification_value"", ""field"": ""cvv"", ""semantic_family"": ""payment_card:verification_value""}; {""canonical_node"": ""cardholder_name"", ""field"": ""cardholder"", ""semantic_family"": ""party:cardholder_name""}; {""canonical_node"": ""card_issuer"", ""field"": ""issuer"", ""semantic_family"": ""payment_card:issuer""}","{""payload_schema_mapping"": ""PASS""}",,
Plaid,Plaid_payload_01.json,Plaid_AuthTransactions_v15,PASS,,,"{""canonical_node"": ""account_identifier"", ""field"": ""account_id"", ""semantic_family"": ""identifier:plaid_account""}; {""canonical_node"": ""routing_number"", ""field"": ""routing_number"", ""semantic_family"": ""payment_account:routing_number""}; {""canonical_node"": ""bank_account_number"", ""field"": ""account_number"", ""semantic_family"": ""payment_account:account_number""}; {""canonical_node"": ""account_type"", ""field"": ""account_type"", ""semantic_family"": ""payment_account:account_type""}; {""canonical_node"": ""current_balance"", ""field"": ""balance_current"", ""semantic_family"": ""payment_account:current_balance""}; {""canonical_node"": ""payment_currency"", ""field"": ""currency"", ""semantic_family"": ""payment:currency""}; {""canonical_node"": ""transaction_identifier"", ""field"": ""transaction_id"", ""semantic_family"": ""identifier:transaction""}; {""canonical_node"": ""payment_amount"", ""field"": ""transaction_amount"", ""semantic_family"": ""payment:amount""}; {""canonical_node"": ""transaction_date"", ""field"": ""transaction_date"", ""semantic_family"": ""temporal:transaction_date""}","{""payload_schema_mapping"": ""PASS""}",,
Plaid,Plaid_payload_02.json,Plaid_AuthTransactions_v15,PASS,,,"{""canonical_node"": ""account_identifier"", ""field"": ""account_id"", ""semantic_family"": ""identifier:plaid_account""}; {""canonical_node"": ""routing_number"", ""field"": ""routing_number"", ""semantic_family"": ""payment_account:routing_number""}; {""canonical_node"": ""bank_account_number"", ""field"": ""account_number"", ""semantic_family"": ""payment_account:account_number""}; {""canonical_node"": ""account_type"", ""field"": ""account_type"", ""semantic_family"": ""payment_account:account_type""}; {""canonical_node"": ""current_balance"", ""field"": ""balance_current"", ""semantic_family"": ""payment_account:current_balance""}; {""canonical_node"": ""payment_currency"", ""field"": ""currency"", ""semantic_family"": ""payment:currency""}; {""canonical_node"": ""transaction_identifier"", ""field"": ""transaction_id"", ""semantic_family"": ""identifier:transaction""}; {""canonical_node"": ""payment_amount"", ""field"": ""transaction_amount"", ""semantic_family"": ""payment:amount""}; {""canonical_node"": ""transaction_date"", ""field"": ""transaction_date"", ""semantic_family"": ""temporal:transaction_date""}","{""payload_schema_mapping"": ""PASS""}",,
Plaid,Plaid_payload_03.json,Plaid_AuthTransactions_v15,PASS,,,"{""canonical_node"": ""account_identifier"", ""field"": ""account_id"", ""semantic_family"": ""identifier:plaid_account""}; {""canonical_node"": ""routing_number"", ""field"": ""routing_number"", ""semantic_family"": ""payment_account:routing_number""}; {""canonical_node"": ""bank_account_number"", ""field"": ""account_number"", ""semantic_family"": ""payment_account:account_number""}; {""canonical_node"": ""account_type"", ""field"": ""account_type"", ""semantic_family"": ""payment_account:account_type""}; {""canonical_node"": ""current_balance"", ""field"": ""balance_current"", ""semantic_family"": ""payment_account:current_balance""}; {""canonical_node"": ""payment_currency"", ""field"": ""currency"", ""semantic_family"": ""payment:currency""}; {""canonical_node"": ""transaction_identifier"", ""field"": ""transaction_id"", ""semantic_family"": ""identifier:transaction""}; {""canonical_node"": ""payment_amount"", ""field"": ""transaction_amount"", ""semantic_family"": ""payment:amount""}; {""canonical_node"": ""transaction_date"", ""field"": ""transaction_date"", ""semantic_family"": ""temporal:transaction_date""}","{""payload_schema_mapping"": ""PASS""}",,
Plaid,Plaid_payload_04.json,Plaid_AuthTransactions_v15,PASS,,,"{""canonical_node"": ""account_identifier"", ""field"": ""account_id"", ""semantic_family"": ""identifier:plaid_account""}; {""canonical_node"": ""routing_number"", ""field"": ""routing_number"", ""semantic_family"": ""payment_account:routing_number""}; {""canonical_node"": ""bank_account_number"", ""field"": ""account_number"", ""semantic_family"": ""payment_account:account_number""}; {""canonical_node"": ""account_type"", ""field"": ""account_type"", ""semantic_family"": ""payment_account:account_type""}; {""canonical_node"": ""current_balance"", ""field"": ""balance_current"", ""semantic_family"": ""payment_account:current_balance""}; {""canonical_node"": ""payment_currency"", ""field"": ""currency"", ""semantic_family"": ""payment:currency""}; {""canonical_node"": ""transaction_identifier"", ""field"": ""transaction_id"", ""semantic_family"": ""identifier:transaction""}; {""canonical_node"": ""payment_amount"", ""field"": ""transaction_amount"", ""semantic_family"": ""payment:amount""}; {""canonical_node"": ""transaction_date"", ""field"": ""transaction_date"", ""semantic_family"": ""temporal:transaction_date""}","{""payload_schema_mapping"": ""PASS""}",,
Plaid,Plaid_payload_05.json,Plaid_AuthTransactions_v15,PASS,,,"{""canonical_node"": ""account_identifier"", ""field"": ""account_id"", ""semantic_family"": ""identifier:plaid_account""}; {""canonical_node"": ""routing_number"", ""field"": ""routing_number"", ""semantic_family"": ""payment_account:routing_number""}; {""canonical_node"": ""bank_account_number"", ""field"": ""account_number"", ""semantic_family"": ""payment_account:account_number""}; {""canonical_node"": ""account_type"", ""field"": ""account_type"", ""semantic_family"": ""payment_account:account_type""}; {""canonical_node"": ""current_balance"", ""field"": ""balance_current"", ""semantic_family"": ""payment_account:current_balance""}; {""canonical_node"": ""payment_currency"", ""field"": ""currency"", ""semantic_family"": ""payment:currency""}; {""canonical_node"": ""transaction_identifier"", ""field"": ""transaction_id"", ""semantic_family"": ""identifier:transaction""}; {""canonical_node"": ""payment_amount"", ""field"": ""transaction_amount"", ""semantic_family"": ""payment:amount""}; {""canonical_node"": ""transaction_date"", ""field"": ""transaction_date"", ""semantic_family"": ""temporal:transaction_date""}","{""payload_schema_mapping"": ""PASS""}",,
Plaid,Plaid_payload_06.json,Plaid_AuthTransactions_v15,PASS,,,"{""canonical_node"": ""account_identifier"", ""field"": ""account_id"", ""semantic_family"": ""identifier:plaid_account""}; {""canonical_node"": ""routing_number"", ""field"": ""routing_number"", ""semantic_family"": ""payment_account:routing_number""}; {""canonical_node"": ""bank_account_number"", ""field"": ""account_number"", ""semantic_family"": ""payment_account:account_number""}; {""canonical_node"": ""account_type"", ""field"": ""account_type"", ""semantic_family"": ""payment_account:account_type""}; {""canonical_node"": ""current_balance"", ""field"": ""balance_current"", ""semantic_family"": ""payment_account:current_balance""}; {""canonical_node"": ""payment_currency"", ""field"": ""currency"", ""semantic_family"": ""payment:currency""}; {""canonical_node"": ""transaction_identifier"", ""field"": ""transaction_id"", ""semantic_family"": ""identifier:transaction""}; {""canonical_node"": ""payment_amount"", ""field"": ""transaction_amount"", ""semantic_family"": ""payment:amount""}; {""canonical_node"": ""transaction_date"", ""field"": ""transaction_date"", ""semantic_family"": ""temporal:transaction_date""}","{""payload_schema_mapping"": ""PASS""}",,
Plaid,Plaid_payload_07.json,Plaid_AuthTransactions_v15,PASS,,,"{""canonical_node"": ""account_identifier"", ""field"": ""account_id"", ""semantic_family"": ""identifier:plaid_account""}; {""canonical_node"": ""routing_number"", ""field"": ""routing_number"", ""semantic_family"": ""payment_account:routing_number""}; {""canonical_node"": ""bank_account_number"", ""field"": ""account_number"", ""semantic_family"": ""payment_account:account_number""}; {""canonical_node"": ""account_type"", ""field"": ""account_type"", ""semantic_family"": ""payment_account:account_type""}; {""canonical_node"": ""current_balance"", ""field"": ""balance_current"", ""semantic_family"": ""payment_account:current_balance""}; {""canonical_node"": ""payment_currency"", ""field"": ""currency"", ""semantic_family"": ""payment:currency""}; {""canonical_node"": ""transaction_identifier"", ""field"": ""transaction_id"", ""semantic_family"": ""identifier:transaction""}; {""canonical_node"": ""payment_amount"", ""field"": ""transaction_amount"", ""semantic_family"": ""payment:amount""}; {""canonical_node"": ""transaction_date"", ""field"": ""transaction_date"", ""semantic_family"": ""temporal:transaction_date""}","{""payload_schema_mapping"": ""PASS""}",,
Plaid,Plaid_payload_08.json,Plaid_AuthTransactions_v15,PASS,,,"{""canonical_node"": ""account_identifier"", ""field"": ""account_id"", ""semantic_family"": ""identifier:plaid_account""}; {""canonical_node"": ""routing_number"", ""field"": ""routing_number"", ""semantic_family"": ""payment_account:routing_number""}; {""canonical_node"": ""bank_account_number"", ""field"": ""account_number"", ""semantic_family"": ""payment_account:account_number""}; {""canonical_node"": ""account_type"", ""field"": ""account_type"", ""semantic_family"": ""payment_account:account_type""}; {""canonical_node"": ""current_balance"", ""field"": ""balance_current"", ""semantic_family"": ""payment_account:current_balance""}; {""canonical_node"": ""payment_currency"", ""field"": ""currency"", ""semantic_family"": ""payment:currency""}; {""canonical_node"": ""transaction_identifier"", ""field"": ""transaction_id"", ""semantic_family"": ""identifier:transaction""}; {""canonical_node"": ""payment_amount"", ""field"": ""transaction_amount"", ""semantic_family"": ""payment:amount""}; {""canonical_node"": ""transaction_date"", ""field"": ""transaction_date"", ""semantic_family"": ""temporal:transaction_date""}","{""payload_schema_mapping"": ""PASS""}",,
Razorpay,Razorpay_payload_01.json,Razorpay_PaymentEntity_v15,PASS,,,"{""canonical_node"": ""payment_identifier"", ""field"": ""razorpay_payment_id"", ""semantic_family"": ""identifier:razorpay_payment""}; {""canonical_node"": ""order_identifier"", ""field"": ""razorpay_order_id"", ""semantic_family"": ""identifier:order""}; {""canonical_node"": ""payment_amount"", ""field"": ""amount"", ""semantic_family"": ""payment:amount""}; {""canonical_node"": ""payment_currency"", ""field"": ""currency"", ""semantic_family"": ""payment:currency""}; {""canonical_node"": ""payment_method"", ""field"": ""method"", ""semantic_family"": ""payment:method""}; {""canonical_node"": ""virtual_payment_address"", ""field"": ""vpa"", ""semantic_family"": ""upi:vpa""}; {""canonical_node"": ""customer_email"", ""field"": ""email"", ""semantic_family"": ""party:customer_email""}; {""canonical_node"": ""customer_contact"", ""field"": ""contact"", ""semantic_family"": ""party:customer_contact""}; {""canonical_node"": ""payment_status"", ""field"": ""status"", ""semantic_family"": ""payment:status""}; {""canonical_node"": ""created_at"", ""field"": ""created_at"", ""semantic_family"": ""temporal:created_at""}","{""payload_schema_mapping"": ""PASS""}",,
Razorpay,Razorpay_payload_02.json,Razorpay_PaymentEntity_v15,PASS,,,"{""canonical_node"": ""payment_identifier"", ""field"": ""razorpay_payment_id"", ""semantic_family"": ""identifier:razorpay_payment""}; {""canonical_node"": ""order_identifier"", ""field"": ""razorpay_order_id"", ""semantic_family"": ""identifier:order""}; {""canonical_node"": ""payment_amount"", ""field"": ""amount"", ""semantic_family"": ""payment:amount""}; {""canonical_node"": ""payment_currency"", ""field"": ""currency"", ""semantic_family"": ""payment:currency""}; {""canonical_node"": ""payment_method"", ""field"": ""method"", ""semantic_family"": ""payment:method""}; {""canonical_node"": ""virtual_payment_address"", ""field"": ""vpa"", ""semantic_family"": ""upi:vpa""}; {""canonical_node"": ""customer_email"", ""field"": ""email"", ""semantic_family"": ""party:customer_email""}; {""canonical_node"": ""customer_contact"", ""field"": ""contact"", ""semantic_family"": ""party:customer_contact""}; {""canonical_node"": ""payment_status"", ""field"": ""status"", ""semantic_family"": ""payment:status""}; {""canonical_node"": ""created_at"", ""field"": ""created_at"", ""semantic_family"": ""temporal:created_at""}","{""payload_schema_mapping"": ""PASS""}",,
Razorpay,Razorpay_payload_03.json,Razorpay_PaymentEntity_v15,PASS,,,"{""canonical_node"": ""payment_identifier"", ""field"": ""razorpay_payment_id"", ""semantic_family"": ""identifier:razorpay_payment""}; {""canonical_node"": ""order_identifier"", ""field"": ""razorpay_order_id"", ""semantic_family"": ""identifier:order""}; {""canonical_node"": ""payment_amount"", ""field"": ""amount"", ""semantic_family"": ""payment:amount""}; {""canonical_node"": ""payment_currency"", ""field"": ""currency"", ""semantic_family"": ""payment:currency""}; {""canonical_node"": ""payment_method"", ""field"": ""method"", ""semantic_family"": ""payment:method""}; {""canonical_node"": ""virtual_payment_address"", ""field"": ""vpa"", ""semantic_family"": ""upi:vpa""}; {""canonical_node"": ""customer_email"", ""field"": ""email"", ""semantic_family"": ""party:customer_email""}; {""canonical_node"": ""customer_contact"", ""field"": ""contact"", ""semantic_family"": ""party:customer_contact""}; {""canonical_node"": ""payment_status"", ""field"": ""status"", ""semantic_family"": ""payment:status""}; {""canonical_node"": ""created_at"", ""field"": ""created_at"", ""semantic_family"": ""temporal:created_at""}","{""payload_schema_mapping"": ""PASS""}",,
Razorpay,Razorpay_payload_04.json,Razorpay_PaymentEntity_v15,PASS,,,"{""canonical_node"": ""payment_identifier"", ""field"": ""razorpay_payment_id"", ""semantic_family"": ""identifier:razorpay_payment""}; {""canonical_node"": ""order_identifier"", ""field"": ""razorpay_order_id"", ""semantic_family"": ""identifier:order""}; {""canonical_node"": ""payment_amount"", ""field"": ""amount"", ""semantic_family"": ""payment:amount""}; {""canonical_node"": ""payment_currency"", ""field"": ""currency"", ""semantic_family"": ""payment:currency""}; {""canonical_node"": ""payment_method"", ""field"": ""method"", ""semantic_family"": ""payment:method""}; {""canonical_node"": ""virtual_payment_address"", ""field"": ""vpa"", ""semantic_family"": ""upi:vpa""}; {""canonical_node"": ""customer_email"", ""field"": ""email"", ""semantic_family"": ""party:customer_email""}; {""canonical_node"": ""customer_contact"", ""field"": ""contact"", ""semantic_family"": ""party:customer_contact""}; {""canonical_node"": ""payment_status"", ""field"": ""status"", ""semantic_family"": ""payment:status""}; {""canonical_node"": ""created_at"", ""field"": ""created_at"", ""semantic_family"": ""temporal:created_at""}","{""payload_schema_mapping"": ""PASS""}",,
Razorpay,Razorpay_payload_05.json,Razorpay_PaymentEntity_v15,PASS,,,"{""canonical_node"": ""payment_identifier"", ""field"": ""razorpay_payment_id"", ""semantic_family"": ""identifier:razorpay_payment""}; {""canonical_node"": ""order_identifier"", ""field"": ""razorpay_order_id"", ""semantic_family"": ""identifier:order""}; {""canonical_node"": ""payment_amount"", ""field"": ""amount"", ""semantic_family"": ""payment:amount""}; {""canonical_node"": ""payment_currency"", ""field"": ""currency"", ""semantic_family"": ""payment:currency""}; {""canonical_node"": ""payment_method"", ""field"": ""method"", ""semantic_family"": ""payment:method""}; {""canonical_node"": ""virtual_payment_address"", ""field"": ""vpa"", ""semantic_family"": ""upi:vpa""}; {""canonical_node"": ""customer_email"", ""field"": ""email"", ""semantic_family"": ""party:customer_email""}; {""canonical_node"": ""customer_contact"", ""field"": ""contact"", ""semantic_family"": ""party:customer_contact""}; {""canonical_node"": ""payment_status"", ""field"": ""status"", ""semantic_family"": ""payment:status""}; {""canonical_node"": ""created_at"", ""field"": ""created_at"", ""semantic_family"": ""temporal:created_at""}","{""payload_schema_mapping"": ""PASS""}",,
Razorpay,Razorpay_payload_06.json,Razorpay_PaymentEntity_v15,PASS,,,"{""canonical_node"": ""payment_identifier"", ""field"": ""razorpay_payment_id"", ""semantic_family"": ""identifier:razorpay_payment""}; {""canonical_node"": ""order_identifier"", ""field"": ""razorpay_order_id"", ""semantic_family"": ""identifier:order""}; {""canonical_node"": ""payment_amount"", ""field"": ""amount"", ""semantic_family"": ""payment:amount""}; {""canonical_node"": ""payment_currency"", ""field"": ""currency"", ""semantic_family"": ""payment:currency""}; {""canonical_node"": ""payment_method"", ""field"": ""method"", ""semantic_family"": ""payment:method""}; {""canonical_node"": ""virtual_payment_address"", ""field"": ""vpa"", ""semantic_family"": ""upi:vpa""}; {""canonical_node"": ""customer_email"", ""field"": ""email"", ""semantic_family"": ""party:customer_email""}; {""canonical_node"": ""customer_contact"", ""field"": ""contact"", ""semantic_family"": ""party:customer_contact""}; {""canonical_node"": ""payment_status"", ""field"": ""status"", ""semantic_family"": ""payment:status""}; {""canonical_node"": ""created_at"", ""field"": ""created_at"", ""semantic_family"": ""temporal:created_at""}","{""payload_schema_mapping"": ""PASS""}",,
Razorpay,Razorpay_payload_07.json,Razorpay_PaymentEntity_v15,PASS,,,"{""canonical_node"": ""payment_identifier"", ""field"": ""razorpay_payment_id"", ""semantic_family"": ""identifier:razorpay_payment""}; {""canonical_node"": ""order_identifier"", ""field"": ""razorpay_order_id"", ""semantic_family"": ""identifier:order""}; {""canonical_node"": ""payment_amount"", ""field"": ""amount"", ""semantic_family"": ""payment:amount""}; {""canonical_node"": ""payment_currency"", ""field"": ""currency"", ""semantic_family"": ""payment:currency""}; {""canonical_node"": ""payment_method"", ""field"": ""method"", ""semantic_family"": ""payment:method""}; {""canonical_node"": ""virtual_payment_address"", ""field"": ""vpa"", ""semantic_family"": ""upi:vpa""}; {""canonical_node"": ""customer_email"", ""field"": ""email"", ""semantic_family"": ""party:customer_email""}; {""canonical_node"": ""customer_contact"", ""field"": ""contact"", ""semantic_family"": ""party:customer_contact""}; {""canonical_node"": ""payment_status"", ""field"": ""status"", ""semantic_family"": ""payment:status""}; {""canonical_node"": ""created_at"", ""field"": ""created_at"", ""semantic_family"": ""temporal:created_at""}","{""payload_schema_mapping"": ""PASS""}",,
Razorpay,Razorpay_payload_08.json,Razorpay_PaymentEntity_v15,PASS,,,"{""canonical_node"": ""payment_identifier"", ""field"": ""razorpay_payment_id"", ""semantic_family"": ""identifier:razorpay_payment""}; {""canonical_node"": ""order_identifier"", ""field"": ""razorpay_order_id"", ""semantic_family"": ""identifier:order""}; {""canonical_node"": ""payment_amount"", ""field"": ""amount"", ""semantic_family"": ""payment:amount""}; {""canonical_node"": ""payment_currency"", ""field"": ""currency"", ""semantic_family"": ""payment:currency""}; {""canonical_node"": ""payment_method"", ""field"": ""method"", ""semantic_family"": ""payment:method""}; {""canonical_node"": ""virtual_payment_address"", ""field"": ""vpa"", ""semantic_family"": ""upi:vpa""}; {""canonical_node"": ""customer_email"", ""field"": ""email"", ""semantic_family"": ""party:customer_email""}; {""canonical_node"": ""customer_contact"", ""field"": ""contact"", ""semantic_family"": ""party:customer_contact""}; {""canonical_node"": ""payment_status"", ""field"": ""status"", ""semantic_family"": ""payment:status""}; {""canonical_node"": ""created_at"", ""field"": ""created_at"", ""semantic_family"": ""temporal:created_at""}","{""payload_schema_mapping"": ""PASS""}",,
Stripe,Stripe_payload_01.json,Stripe_PaymentIntent_v15,PASS,,,"{""canonical_node"": ""payment_intent_identifier"", ""field"": ""payment_intent_id"", ""semantic_family"": ""identifier:payment_intent""}; {""canonical_node"": ""payment_amount"", ""field"": ""amount"", ""semantic_family"": ""payment:amount""}; {""canonical_node"": ""payment_currency"", ""field"": ""currency"", ""semantic_family"": ""payment:currency""}; {""canonical_node"": ""customer_identifier"", ""field"": ""customer_id"", ""semantic_family"": ""identifier:customer""}; {""canonical_node"": ""payment_method"", ""field"": ""payment_method"", ""semantic_family"": ""payment:method""}; {""canonical_node"": ""card_last4"", ""field"": ""card_last4"", ""semantic_family"": ""payment_card:last4""}; {""canonical_node"": ""card_brand"", ""field"": ""card_brand"", ""semantic_family"": ""payment_card:brand""}; {""canonical_node"": ""created_at"", ""field"": ""created"", ""semantic_family"": ""temporal:created_at""}; {""canonical_node"": ""payment_status"", ""field"": ""status"", ""semantic_family"": ""payment:status""}","{""payload_schema_mapping"": ""PASS""}",,
Stripe,Stripe_payload_02.json,Stripe_PaymentIntent_v15,PASS,,,"{""canonical_node"": ""payment_intent_identifier"", ""field"": ""payment_intent_id"", ""semantic_family"": ""identifier:payment_intent""}; {""canonical_node"": ""payment_amount"", ""field"": ""amount"", ""semantic_family"": ""payment:amount""}; {""canonical_node"": ""payment_currency"", ""field"": ""currency"", ""semantic_family"": ""payment:currency""}; {""canonical_node"": ""customer_identifier"", ""field"": ""customer_id"", ""semantic_family"": ""identifier:customer""}; {""canonical_node"": ""payment_method"", ""field"": ""payment_method"", ""semantic_family"": ""payment:method""}; {""canonical_node"": ""card_last4"", ""field"": ""card_last4"", ""semantic_family"": ""payment_card:last4""}; {""canonical_node"": ""card_brand"", ""field"": ""card_brand"", ""semantic_family"": ""payment_card:brand""}; {""canonical_node"": ""created_at"", ""field"": ""created"", ""semantic_family"": ""temporal:created_at""}; {""canonical_node"": ""payment_status"", ""field"": ""status"", ""semantic_family"": ""payment:status""}","{""payload_schema_mapping"": ""PASS""}",,
Stripe,Stripe_payload_03.json,Stripe_PaymentIntent_v15,PASS,,,"{""canonical_node"": ""payment_intent_identifier"", ""field"": ""payment_intent_id"", ""semantic_family"": ""identifier:payment_intent""}; {""canonical_node"": ""payment_amount"", ""field"": ""amount"", ""semantic_family"": ""payment:amount""}; {""canonical_node"": ""payment_currency"", ""field"": ""currency"", ""semantic_family"": ""payment:currency""}; {""canonical_node"": ""customer_identifier"", ""field"": ""customer_id"", ""semantic_family"": ""identifier:customer""}; {""canonical_node"": ""payment_method"", ""field"": ""payment_method"", ""semantic_family"": ""payment:method""}; {""canonical_node"": ""card_last4"", ""field"": ""card_last4"", ""semantic_family"": ""payment_card:last4""}; {""canonical_node"": ""card_brand"", ""field"": ""card_brand"", ""semantic_family"": ""payment_card:brand""}; {""canonical_node"": ""created_at"", ""field"": ""created"", ""semantic_family"": ""temporal:created_at""}; {""canonical_node"": ""payment_status"", ""field"": ""status"", ""semantic_family"": ""payment:status""}","{""payload_schema_mapping"": ""PASS""}",,
Stripe,Stripe_payload_04.json,Stripe_PaymentIntent_v15,PASS,,,"{""canonical_node"": ""payment_intent_identifier"", ""field"": ""payment_intent_id"", ""semantic_family"": ""identifier:payment_intent""}; {""canonical_node"": ""payment_amount"", ""field"": ""amount"", ""semantic_family"": ""payment:amount""}; {""canonical_node"": ""payment_currency"", ""field"": ""currency"", ""semantic_family"": ""payment:currency""}; {""canonical_node"": ""customer_identifier"", ""field"": ""customer_id"", ""semantic_family"": ""identifier:customer""}; {""canonical_node"": ""payment_method"", ""field"": ""payment_method"", ""semantic_family"": ""payment:method""}; {""canonical_node"": ""card_last4"", ""field"": ""card_last4"", ""semantic_family"": ""payment_card:last4""}; {""canonical_node"": ""card_brand"", ""field"": ""card_brand"", ""semantic_family"": ""payment_card:brand""}; {""canonical_node"": ""created_at"", ""field"": ""created"", ""semantic_family"": ""temporal:created_at""}; {""canonical_node"": ""payment_status"", ""field"": ""status"", ""semantic_family"": ""payment:status""}","{""payload_schema_mapping"": ""PASS""}",,
Stripe,Stripe_payload_05.json,Stripe_PaymentIntent_v15,PASS,,,"{""canonical_node"": ""payment_intent_identifier"", ""field"": ""payment_intent_id"", ""semantic_family"": ""identifier:payment_intent""}; {""canonical_node"": ""payment_amount"", ""field"": ""amount"", ""semantic_family"": ""payment:amount""}; {""canonical_node"": ""payment_currency"", ""field"": ""currency"", ""semantic_family"": ""payment:currency""}; {""canonical_node"": ""customer_identifier"", ""field"": ""customer_id"", ""semantic_family"": ""identifier:customer""}; {""canonical_node"": ""payment_method"", ""field"": ""payment_method"", ""semantic_family"": ""payment:method""}; {""canonical_node"": ""card_last4"", ""field"": ""card_last4"", ""semantic_family"": ""payment_card:last4""}; {""canonical_node"": ""card_brand"", ""field"": ""card_brand"", ""semantic_family"": ""payment_card:brand""}; {""canonical_node"": ""created_at"", ""field"": ""created"", ""semantic_family"": ""temporal:created_at""}; {""canonical_node"": ""payment_status"", ""field"": ""status"", ""semantic_family"": ""payment:status""}","{""payload_schema_mapping"": ""PASS""}",,
Stripe,Stripe_payload_06.json,Stripe_PaymentIntent_v15,PASS,,,"{""canonical_node"": ""payment_intent_identifier"", ""field"": ""payment_intent_id"", ""semantic_family"": ""identifier:payment_intent""}; {""canonical_node"": ""payment_amount"", ""field"": ""amount"", ""semantic_family"": ""payment:amount""}; {""canonical_node"": ""payment_currency"", ""field"": ""currency"", ""semantic_family"": ""payment:currency""}; {""canonical_node"": ""customer_identifier"", ""field"": ""customer_id"", ""semantic_family"": ""identifier:customer""}; {""canonical_node"": ""payment_method"", ""field"": ""payment_method"", ""semantic_family"": ""payment:method""}; {""canonical_node"": ""card_last4"", ""field"": ""card_last4"", ""semantic_family"": ""payment_card:last4""}; {""canonical_node"": ""card_brand"", ""field"": ""card_brand"", ""semantic_family"": ""payment_card:brand""}; {""canonical_node"": ""created_at"", ""field"": ""created"", ""semantic_family"": ""temporal:created_at""}; {""canonical_node"": ""payment_status"", ""field"": ""status"", ""semantic_family"": ""payment:status""}","{""payload_schema_mapping"": ""PASS""}",,
Stripe,Stripe_payload_07.json,Stripe_PaymentIntent_v15,PASS,,,"{""canonical_node"": ""payment_intent_identifier"", ""field"": ""payment_intent_id"", ""semantic_family"": ""identifier:payment_intent""}; {""canonical_node"": ""payment_amount"", ""field"": ""amount"", ""semantic_family"": ""payment:amount""}; {""canonical_node"": ""payment_currency"", ""field"": ""currency"", ""semantic_family"": ""payment:currency""}; {""canonical_node"": ""customer_identifier"", ""field"": ""customer_id"", ""semantic_family"": ""identifier:customer""}; {""canonical_node"": ""payment_method"", ""field"": ""payment_method"", ""semantic_family"": ""payment:method""}; {""canonical_node"": ""card_last4"", ""field"": ""card_last4"", ""semantic_family"": ""payment_card:last4""}; {""canonical_node"": ""card_brand"", ""field"": ""card_brand"", ""semantic_family"": ""payment_card:brand""}; {""canonical_node"": ""created_at"", ""field"": ""created"", ""semantic_family"": ""temporal:created_at""}; {""canonical_node"": ""payment_status"", ""field"": ""status"", ""semantic_family"": ""payment:status""}","{""payload_schema_mapping"": ""PASS""}",,
Stripe,Stripe_payload_08.json,Stripe_PaymentIntent_v15,PASS,,,"{""canonical_node"": ""payment_intent_identifier"", ""field"": ""payment_intent_id"", ""semantic_family"": ""identifier:payment_intent""}; {""canonical_node"": ""payment_amount"", ""field"": ""amount"", ""semantic_family"": ""payment:amount""}; {""canonical_node"": ""payment_currency"", ""field"": ""currency"", ""semantic_family"": ""payment:currency""}; {""canonical_node"": ""customer_identifier"", ""field"": ""customer_id"", ""semantic_family"": ""identifier:customer""}; {""canonical_node"": ""payment_method"", ""field"": ""payment_method"", ""semantic_family"": ""payment:method""}; {""canonical_node"": ""card_last4"", ""field"": ""card_last4"", ""semantic_family"": ""payment_card:last4""}; {""canonical_node"": ""card_brand"", ""field"": ""card_brand"", ""semantic_family"": ""payment_card:brand""}; {""canonical_node"": ""created_at"", ""field"": ""created"", ""semantic_family"": ""temporal:created_at""}; {""canonical_node"": ""payment_status"", ""field"": ""status"", ""semantic_family"": ""payment:status""}","{""payload_schema_mapping"": ""PASS""}",,
UPI,UPI_payload_01.json,NPCI_UPI_ReqPay_Inferred_v15,PASS,,,"{""canonical_node"": ""virtual_payment_address"", ""field"": ""vpa"", ""semantic_family"": ""upi:vpa""}; {""canonical_node"": ""payer_account"", ""field"": ""payer_account"", ""semantic_family"": ""payment_account:payer_account""}; {""canonical_node"": ""payee_virtual_payment_address"", ""field"": ""payee_vpa"", ""semantic_family"": ""upi:payee_vpa""}; {""canonical_node"": ""transaction_identifier"", ""field"": ""txn_id"", ""semantic_family"": ""identifier:upi_transaction""}; {""canonical_node"": ""payment_amount"", ""field"": ""txn_amount"", ""semantic_family"": ""payment:amount""}; {""canonical_node"": ""payment_currency"", ""field"": ""currency"", ""semantic_family"": ""payment:currency""}; {""canonical_node"": ""transaction_timestamp"", ""field"": ""txn_timestamp"", ""semantic_family"": ""temporal:transaction_timestamp""}; {""canonical_node"": ""payment_status"", ""field"": ""txn_status"", ""semantic_family"": ""payment:status""}","{""payload_schema_mapping"": ""PASS""}",,
UPI,UPI_payload_02.json,NPCI_UPI_ReqPay_Inferred_v15,PASS,,,"{""canonical_node"": ""virtual_payment_address"", ""field"": ""vpa"", ""semantic_family"": ""upi:vpa""}; {""canonical_node"": ""payer_account"", ""field"": ""payer_account"", ""semantic_family"": ""payment_account:payer_account""}; {""canonical_node"": ""payee_virtual_payment_address"", ""field"": ""payee_vpa"", ""semantic_family"": ""upi:payee_vpa""}; {""canonical_node"": ""transaction_identifier"", ""field"": ""txn_id"", ""semantic_family"": ""identifier:upi_transaction""}; {""canonical_node"": ""payment_amount"", ""field"": ""txn_amount"", ""semantic_family"": ""payment:amount""}; {""canonical_node"": ""payment_currency"", ""field"": ""currency"", ""semantic_family"": ""payment:currency""}; {""canonical_node"": ""transaction_timestamp"", ""field"": ""txn_timestamp"", ""semantic_family"": ""temporal:transaction_timestamp""}; {""canonical_node"": ""payment_status"", ""field"": ""txn_status"", ""semantic_family"": ""payment:status""}","{""payload_schema_mapping"": ""PASS""}",,
UPI,UPI_payload_03.json,NPCI_UPI_ReqPay_Inferred_v15,PASS,,,"{""canonical_node"": ""virtual_payment_address"", ""field"": ""vpa"", ""semantic_family"": ""upi:vpa""}; {""canonical_node"": ""payer_account"", ""field"": ""payer_account"", ""semantic_family"": ""payment_account:payer_account""}; {""canonical_node"": ""payee_virtual_payment_address"", ""field"": ""payee_vpa"", ""semantic_family"": ""upi:payee_vpa""}; {""canonical_node"": ""transaction_identifier"", ""field"": ""txn_id"", ""semantic_family"": ""identifier:upi_transaction""}; {""canonical_node"": ""payment_amount"", ""field"": ""txn_amount"", ""semantic_family"": ""payment:amount""}; {""canonical_node"": ""payment_currency"", ""field"": ""currency"", ""semantic_family"": ""payment:currency""}; {""canonical_node"": ""transaction_timestamp"", ""field"": ""txn_timestamp"", ""semantic_family"": ""temporal:transaction_timestamp""}; {""canonical_node"": ""payment_status"", ""field"": ""txn_status"", ""semantic_family"": ""payment:status""}","{""payload_schema_mapping"": ""PASS""}",,
UPI,UPI_payload_04.json,NPCI_UPI_ReqPay_Inferred_v15,PASS,,,"{""canonical_node"": ""virtual_payment_address"", ""field"": ""vpa"", ""semantic_family"": ""upi:vpa""}; {""canonical_node"": ""payer_account"", ""field"": ""payer_account"", ""semantic_family"": ""payment_account:payer_account""}; {""canonical_node"": ""payee_virtual_payment_address"", ""field"": ""payee_vpa"", ""semantic_family"": ""upi:payee_vpa""}; {""canonical_node"": ""transaction_identifier"", ""field"": ""txn_id"", ""semantic_family"": ""identifier:upi_transaction""}; {""canonical_node"": ""payment_amount"", ""field"": ""txn_amount"", ""semantic_family"": ""payment:amount""}; {""canonical_node"": ""payment_currency"", ""field"": ""currency"", ""semantic_family"": ""payment:currency""}; {""canonical_node"": ""transaction_timestamp"", ""field"": ""txn_timestamp"", ""semantic_family"": ""temporal:transaction_timestamp""}; {""canonical_node"": ""payment_status"", ""field"": ""txn_status"", ""semantic_family"": ""payment:status""}","{""payload_schema_mapping"": ""PASS""}",,
UPI,UPI_payload_05.json,NPCI_UPI_ReqPay_Inferred_v15,PASS,,,"{""canonical_node"": ""virtual_payment_address"", ""field"": ""vpa"", ""semantic_family"": ""upi:vpa""}; {""canonical_node"": ""payer_account"", ""field"": ""payer_account"", ""semantic_family"": ""payment_account:payer_account""}; {""canonical_node"": ""payee_virtual_payment_address"", ""field"": ""payee_vpa"", ""semantic_family"": ""upi:payee_vpa""}; {""canonical_node"": ""transaction_identifier"", ""field"": ""txn_id"", ""semantic_family"": ""identifier:upi_transaction""}; {""canonical_node"": ""payment_amount"", ""field"": ""txn_amount"", ""semantic_family"": ""payment:amount""}; {""canonical_node"": ""payment_currency"", ""field"": ""currency"", ""semantic_family"": ""payment:currency""}; {""canonical_node"": ""transaction_timestamp"", ""field"": ""txn_timestamp"", ""semantic_family"": ""temporal:transaction_timestamp""}; {""canonical_node"": ""payment_status"", ""field"": ""txn_status"", ""semantic_family"": ""payment:status""}","{""payload_schema_mapping"": ""PASS""}",,
UPI,UPI_payload_06.json,NPCI_UPI_ReqPay_Inferred_v15,PASS,,,"{""canonical_node"": ""virtual_payment_address"", ""field"": ""vpa"", ""semantic_family"": ""upi:vpa""}; {""canonical_node"": ""payer_account"", ""field"": ""payer_account"", ""semantic_family"": ""payment_account:payer_account""}; {""canonical_node"": ""payee_virtual_payment_address"", ""field"": ""payee_vpa"", ""semantic_family"": ""upi:payee_vpa""}; {""canonical_node"": ""transaction_identifier"", ""field"": ""txn_id"", ""semantic_family"": ""identifier:upi_transaction""}; {""canonical_node"": ""payment_amount"", ""field"": ""txn_amount"", ""semantic_family"": ""payment:amount""}; {""canonical_node"": ""payment_currency"", ""field"": ""currency"", ""semantic_family"": ""payment:currency""}; {""canonical_node"": ""transaction_timestamp"", ""field"": ""txn_timestamp"", ""semantic_family"": ""temporal:transaction_timestamp""}; {""canonical_node"": ""payment_status"", ""field"": ""txn_status"", ""semantic_family"": ""payment:status""}","{""payload_schema_mapping"": ""PASS""}",,
UPI,UPI_payload_07.json,NPCI_UPI_ReqPay_Inferred_v15,PASS,,,"{""canonical_node"": ""virtual_payment_address"", ""field"": ""vpa"", ""semantic_family"": ""upi:vpa""}; {""canonical_node"": ""payer_account"", ""field"": ""payer_account"", ""semantic_family"": ""payment_account:payer_account""}; {""canonical_node"": ""payee_virtual_payment_address"", ""field"": ""payee_vpa"", ""semantic_family"": ""upi:payee_vpa""}; {""canonical_node"": ""transaction_identifier"", ""field"": ""txn_id"", ""semantic_family"": ""identifier:upi_transaction""}; {""canonical_node"": ""payment_amount"", ""field"": ""txn_amount"", ""semantic_family"": ""payment:amount""}; {""canonical_node"": ""payment_currency"", ""field"": ""currency"", ""semantic_family"": ""payment:currency""}; {""canonical_node"": ""transaction_timestamp"", ""field"": ""txn_timestamp"", ""semantic_family"": ""temporal:transaction_timestamp""}; {""canonical_node"": ""payment_status"", ""field"": ""txn_status"", ""semantic_family"": ""payment:status""}","{""payload_schema_mapping"": ""PASS""}",,
UPI,UPI_payload_08.json,NPCI_UPI_ReqPay_Inferred_v15,PASS,,,"{""canonical_node"": ""virtual_payment_address"", ""field"": ""vpa"", ""semantic_family"": ""upi:vpa""}; {""canonical_node"": ""payer_account"", ""field"": ""payer_account"", ""semantic_family"": ""payment_account:payer_account""}; {""canonical_node"": ""payee_virtual_payment_address"", ""field"": ""payee_vpa"", ""semantic_family"": ""upi:payee_vpa""}; {""canonical_node"": ""transaction_identifier"", ""field"": ""txn_id"", ""semantic_family"": ""identifier:upi_transaction""}; {""canonical_node"": ""payment_amount"", ""field"": ""txn_amount"", ""semantic_family"": ""payment:amount""}; {""canonical_node"": ""payment_currency"", ""field"": ""currency"", ""semantic_family"": ""payment:currency""}; {""canonical_node"": ""transaction_timestamp"", ""field"": ""txn_timestamp"", ""semantic_family"": ""temporal:transaction_timestamp""}; {""canonical_node"": ""payment_status"", ""field"": ""txn_status"", ""semantic_family"": ""payment:status""}","{""payload_schema_mapping"": ""PASS""}",,
