record_type,candidate_generation_mode,num_attributes,num_pairs_evaluated,num_candidates_considered,embedding_ms,index_build_ms,query_ms,nf_validation_ms,total_pipeline_ms,hnsw_M,hnsw_ef_search,top_k,speedup_vs_bruteforce_query,note,dbnf_mode,entity,canonical_name,semantic_family,model_v1,model_v2,embedding_dim,drift_distance,tau_dbnf,drift_detected,fork_required,drift_source,ground_truth_label,classification,delta_context
timing,brute_force,61,1830,406,295.2021999999997,0.0,40.33750000002328,,335.539700000023,,,,,,,,,,,,,,,,,,,,
timing,hnsw,61,381,381,295.2021999999997,4.299899999983609,2.077199999941513,,301.57929999992484,32,50,10,19.4191700371457,,,,,,,,,,,,,,,,
timing,partitioned_hnsw,61,274,274,295.2021999999997,4.299899999983609,2.077199999941513,,301.57929999992484,32,50,10,,partitioned_hnsw row reports partition-aware candidate budget using same measured HNSW timings,,,,,,,,,,,,,,,
dbnf_version_drift,,,,,,,,,,,,,,,version_drift,canon::account_identifier,account_identifier,identifier:plaid_account,all-MiniLM-L6-v2,all-MiniLM-L6-v2,384,0.06673583784478743,0.25,False,False,simulated_perturbation,,,"{""candidate_delta_count"": 0, ""missing_required_count"": 0, ""unexpected_field_count"": 0}"
dbnf_version_drift,,,,,,,,,,,,,,,version_drift,canon::account_type,account_type,payment_account:account_type,all-MiniLM-L6-v2,all-MiniLM-L6-v2,384,0.061877936018436275,0.25,False,False,simulated_perturbation,,,"{""candidate_delta_count"": 0, ""missing_required_count"": 0, ""unexpected_field_count"": 0}"
dbnf_version_drift,,,,,,,,,,,,,,,version_drift,canon::bank_account_number,bank_account_number,payment_account:account_number,all-MiniLM-L6-v2,all-MiniLM-L6-v2,384,0.061731260174120006,0.25,False,False,simulated_perturbation,,,"{""candidate_delta_count"": 0, ""missing_required_count"": 0, ""unexpected_field_count"": 0}"
dbnf_version_drift,,,,,,,,,,,,,,,version_drift,canon::card_acceptor_identifier,card_acceptor_identifier,identifier:card_acceptor,all-MiniLM-L6-v2,all-MiniLM-L6-v2,384,0.06426559532544707,0.25,False,False,simulated_perturbation,,,"{""candidate_delta_count"": 0, ""missing_required_count"": 0, ""unexpected_field_count"": 0}"
dbnf_version_drift,,,,,,,,,,,,,,,version_drift,canon::card_brand,card_brand,payment_card:brand,all-MiniLM-L6-v2,all-MiniLM-L6-v2,384,0.07223394372590508,0.25,False,False,simulated_perturbation,,,"{""candidate_delta_count"": 0, ""missing_required_count"": 0, ""unexpected_field_count"": 0}"
dbnf_version_drift,,,,,,,,,,,,,,,version_drift,canon::card_expiration_date,card_expiration_date,payment_card:expiration_date,all-MiniLM-L6-v2,all-MiniLM-L6-v2,384,0.06757241720640739,0.25,False,False,simulated_perturbation,,,"{""candidate_delta_count"": 0, ""missing_required_count"": 0, ""unexpected_field_count"": 0}"
dbnf_version_drift,,,,,,,,,,,,,,,version_drift,canon::card_issuer,card_issuer,payment_card:issuer,all-MiniLM-L6-v2,all-MiniLM-L6-v2,384,0.0592754370737566,0.25,False,False,simulated_perturbation,,,"{""candidate_delta_count"": 0, ""missing_required_count"": 0, ""unexpected_field_count"": 0}"
dbnf_version_drift,,,,,,,,,,,,,,,version_drift,canon::card_last4,card_last4,payment_card:last4,all-MiniLM-L6-v2,all-MiniLM-L6-v2,384,0.07590559867034696,0.25,False,False,simulated_perturbation,,,"{""candidate_delta_count"": 0, ""missing_required_count"": 0, ""unexpected_field_count"": 0}"
dbnf_version_drift,,,,,,,,,,,,,,,version_drift,canon::card_primary_account_number,card_primary_account_number,payment_card:pan,all-MiniLM-L6-v2,all-MiniLM-L6-v2,384,0.07209960337436827,0.25,False,False,simulated_perturbation,,,"{""candidate_delta_count"": 0, ""missing_required_count"": 0, ""unexpected_field_count"": 0}"
dbnf_version_drift,,,,,,,,,,,,,,,version_drift,canon::card_verification_value,card_verification_value,payment_card:verification_value,all-MiniLM-L6-v2,all-MiniLM-L6-v2,384,0.0661453805004889,0.25,False,False,simulated_perturbation,,,"{""candidate_delta_count"": 0, ""missing_required_count"": 0, ""unexpected_field_count"": 0}"
dbnf_version_drift,,,,,,,,,,,,,,,version_drift,canon::cardholder_name,cardholder_name,party:cardholder_name,all-MiniLM-L6-v2,all-MiniLM-L6-v2,384,0.06579429089162614,0.25,False,False,simulated_perturbation,,,"{""candidate_delta_count"": 0, ""missing_required_count"": 0, ""unexpected_field_count"": 0}"
dbnf_version_drift,,,,,,,,,,,,,,,version_drift,canon::created_at,created_at,temporal:created_at,all-MiniLM-L6-v2,all-MiniLM-L6-v2,384,0.06660080922292622,0.25,False,False,simulated_perturbation,,,"{""candidate_delta_count"": 0, ""missing_required_count"": 0, ""unexpected_field_count"": 0}"
dbnf_version_drift,,,,,,,,,,,,,,,version_drift,canon::creditor_account,creditor_account,payment_account:creditor_account,all-MiniLM-L6-v2,all-MiniLM-L6-v2,384,0.06202762735715006,0.25,False,False,simulated_perturbation,,,"{""candidate_delta_count"": 0, ""missing_required_count"": 0, ""unexpected_field_count"": 0}"
dbnf_version_drift,,,,,,,,,,,,,,,version_drift,canon::creditor_name,creditor_name,party:creditor_name,all-MiniLM-L6-v2,all-MiniLM-L6-v2,384,0.06991555885338485,0.25,False,False,simulated_perturbation,,,"{""candidate_delta_count"": 0, ""missing_required_count"": 0, ""unexpected_field_count"": 0}"
dbnf_version_drift,,,,,,,,,,,,,,,version_drift,canon::current_balance,current_balance,payment_account:current_balance,all-MiniLM-L6-v2,all-MiniLM-L6-v2,384,0.07502553456003058,0.25,False,False,simulated_perturbation,,,"{""candidate_delta_count"": 0, ""missing_required_count"": 0, ""unexpected_field_count"": 0}"
dbnf_version_drift,,,,,,,,,,,,,,,version_drift,canon::customer_contact,customer_contact,party:customer_contact,all-MiniLM-L6-v2,all-MiniLM-L6-v2,384,0.06291040912298385,0.25,False,False,simulated_perturbation,,,"{""candidate_delta_count"": 0, ""missing_required_count"": 0, ""unexpected_field_count"": 0}"
dbnf_version_drift,,,,,,,,,,,,,,,version_drift,canon::customer_email,customer_email,party:customer_email,all-MiniLM-L6-v2,all-MiniLM-L6-v2,384,0.07052106454157758,0.25,False,False,simulated_perturbation,,,"{""candidate_delta_count"": 0, ""missing_required_count"": 0, ""unexpected_field_count"": 0}"
dbnf_version_drift,,,,,,,,,,,,,,,version_drift,canon::customer_identifier,customer_identifier,identifier:customer,all-MiniLM-L6-v2,all-MiniLM-L6-v2,384,0.06624679185761184,0.25,False,False,simulated_perturbation,,,"{""candidate_delta_count"": 0, ""missing_required_count"": 0, ""unexpected_field_count"": 0}"
dbnf_version_drift,,,,,,,,,,,,,,,version_drift,canon::debtor_account,debtor_account,payment_account:debtor_account,all-MiniLM-L6-v2,all-MiniLM-L6-v2,384,0.07363480532399769,0.25,False,False,simulated_perturbation,,,"{""candidate_delta_count"": 0, ""missing_required_count"": 0, ""unexpected_field_count"": 0}"
dbnf_version_drift,,,,,,,,,,,,,,,version_drift,canon::debtor_name,debtor_name,party:debtor_name,all-MiniLM-L6-v2,all-MiniLM-L6-v2,384,0.06760941398562337,0.25,False,False,simulated_perturbation,,,"{""candidate_delta_count"": 0, ""missing_required_count"": 0, ""unexpected_field_count"": 0}"
dbnf_version_drift,,,,,,,,,,,,,,,version_drift,canon::end_to_end_identifier,end_to_end_identifier,identifier:end_to_end_payment,all-MiniLM-L6-v2,all-MiniLM-L6-v2,384,0.07727829806248909,0.25,False,False,simulated_perturbation,,,"{""candidate_delta_count"": 0, ""missing_required_count"": 0, ""unexpected_field_count"": 0}"
dbnf_version_drift,,,,,,,,,,,,,,,version_drift,canon::merchant_category_code,merchant_category_code,merchant:category_code,all-MiniLM-L6-v2,all-MiniLM-L6-v2,384,0.07257504635895717,0.25,False,False,simulated_perturbation,,,"{""candidate_delta_count"": 0, ""missing_required_count"": 0, ""unexpected_field_count"": 0}"
dbnf_version_drift,,,,,,,,,,,,,,,version_drift,canon::message_identifier,message_identifier,identifier:message,all-MiniLM-L6-v2,all-MiniLM-L6-v2,384,0.06419412795686641,0.25,False,False,simulated_perturbation,,,"{""candidate_delta_count"": 0, ""missing_required_count"": 0, ""unexpected_field_count"": 0}"
dbnf_version_drift,,,,,,,,,,,,,,,version_drift,canon::order_identifier,order_identifier,identifier:order,all-MiniLM-L6-v2,all-MiniLM-L6-v2,384,0.06635882005537141,0.25,False,False,simulated_perturbation,,,"{""candidate_delta_count"": 0, ""missing_required_count"": 0, ""unexpected_field_count"": 0}"
dbnf_version_drift,,,,,,,,,,,,,,,version_drift,canon::payee_virtual_payment_address,payee_virtual_payment_address,upi:payee_vpa,all-MiniLM-L6-v2,all-MiniLM-L6-v2,384,0.06884347495270438,0.25,False,False,simulated_perturbation,,,"{""candidate_delta_count"": 0, ""missing_required_count"": 0, ""unexpected_field_count"": 0}"
dbnf_version_drift,,,,,,,,,,,,,,,version_drift,canon::payer_account,payer_account,payment_account:payer_account,all-MiniLM-L6-v2,all-MiniLM-L6-v2,384,0.07643292326259365,0.25,False,False,simulated_perturbation,,,"{""candidate_delta_count"": 0, ""missing_required_count"": 0, ""unexpected_field_count"": 0}"
dbnf_version_drift,,,,,,,,,,,,,,,version_drift,canon::payment_amount,payment_amount,payment:amount,all-MiniLM-L6-v2,all-MiniLM-L6-v2,384,0.07663489330320239,0.25,False,False,simulated_perturbation,,,"{""candidate_delta_count"": 0, ""missing_required_count"": 0, ""unexpected_field_count"": 0}"
dbnf_version_drift,,,,,,,,,,,,,,,version_drift,canon::payment_currency,payment_currency,payment:currency,all-MiniLM-L6-v2,all-MiniLM-L6-v2,384,0.06759629270556233,0.25,False,False,simulated_perturbation,,,"{""candidate_delta_count"": 0, ""missing_required_count"": 0, ""unexpected_field_count"": 0}"
dbnf_version_drift,,,,,,,,,,,,,,,version_drift,canon::payment_identifier,payment_identifier,identifier:razorpay_payment,all-MiniLM-L6-v2,all-MiniLM-L6-v2,384,0.07211054282574214,0.25,False,False,simulated_perturbation,,,"{""candidate_delta_count"": 0, ""missing_required_count"": 0, ""unexpected_field_count"": 0}"
dbnf_version_drift,,,,,,,,,,,,,,,version_drift,canon::payment_intent_identifier,payment_intent_identifier,identifier:payment_intent,all-MiniLM-L6-v2,all-MiniLM-L6-v2,384,0.06601730105828219,0.25,False,False,simulated_perturbation,,,"{""candidate_delta_count"": 0, ""missing_required_count"": 0, ""unexpected_field_count"": 0}"
dbnf_version_drift,,,,,,,,,,,,,,,version_drift,canon::payment_method,payment_method,payment:method,all-MiniLM-L6-v2,all-MiniLM-L6-v2,384,0.07822725475866565,0.25,False,False,simulated_perturbation,,,"{""candidate_delta_count"": 0, ""missing_required_count"": 0, ""unexpected_field_count"": 0}"
dbnf_version_drift,,,,,,,,,,,,,,,version_drift,canon::payment_status,payment_status,payment:status,all-MiniLM-L6-v2,all-MiniLM-L6-v2,384,0.05988230047244869,0.25,False,False,simulated_perturbation,,,"{""candidate_delta_count"": 0, ""missing_required_count"": 0, ""unexpected_field_count"": 0}"
dbnf_version_drift,,,,,,,,,,,,,,,version_drift,canon::processing_code,processing_code,iso8583:processing_code,all-MiniLM-L6-v2,all-MiniLM-L6-v2,384,0.06332229160781888,0.25,False,False,simulated_perturbation,,,"{""candidate_delta_count"": 0, ""missing_required_count"": 0, ""unexpected_field_count"": 0}"
dbnf_version_drift,,,,,,,,,,,,,,,version_drift,canon::requested_execution_date,requested_execution_date,temporal:requested_execution_date,all-MiniLM-L6-v2,all-MiniLM-L6-v2,384,0.06257054240398519,0.25,False,False,simulated_perturbation,,,"{""candidate_delta_count"": 0, ""missing_required_count"": 0, ""unexpected_field_count"": 0}"
dbnf_version_drift,,,,,,,,,,,,,,,version_drift,canon::routing_number,routing_number,payment_account:routing_number,all-MiniLM-L6-v2,all-MiniLM-L6-v2,384,0.07209429939059286,0.25,False,False,simulated_perturbation,,,"{""candidate_delta_count"": 0, ""missing_required_count"": 0, ""unexpected_field_count"": 0}"
dbnf_version_drift,,,,,,,,,,,,,,,version_drift,canon::system_trace_audit_number,system_trace_audit_number,identifier:stan,all-MiniLM-L6-v2,all-MiniLM-L6-v2,384,0.075092780726011,0.25,False,False,simulated_perturbation,,,"{""candidate_delta_count"": 0, ""missing_required_count"": 0, ""unexpected_field_count"": 0}"
dbnf_version_drift,,,,,,,,,,,,,,,version_drift,canon::transaction_date,transaction_date,temporal:transaction_date,all-MiniLM-L6-v2,all-MiniLM-L6-v2,384,0.06882615376553369,0.25,False,False,simulated_perturbation,,,"{""candidate_delta_count"": 0, ""missing_required_count"": 0, ""unexpected_field_count"": 0}"
dbnf_version_drift,,,,,,,,,,,,,,,version_drift,canon::transaction_identifier,transaction_identifier,identifier:transaction,all-MiniLM-L6-v2,all-MiniLM-L6-v2,384,0.06912842408239661,0.25,False,False,simulated_perturbation,,,"{""candidate_delta_count"": 0, ""missing_required_count"": 0, ""unexpected_field_count"": 0}"
dbnf_version_drift,,,,,,,,,,,,,,,version_drift,canon::transaction_timestamp,transaction_timestamp,temporal:transaction_timestamp,all-MiniLM-L6-v2,all-MiniLM-L6-v2,384,0.08639490698465035,0.25,False,False,simulated_perturbation,,,"{""candidate_delta_count"": 0, ""missing_required_count"": 0, ""unexpected_field_count"": 0}"
dbnf_version_drift,,,,,,,,,,,,,,,version_drift,canon::transmission_datetime,transmission_datetime,temporal:transmission_datetime,all-MiniLM-L6-v2,all-MiniLM-L6-v2,384,0.07008709152463688,0.25,False,False,simulated_perturbation,,,"{""candidate_delta_count"": 0, ""missing_required_count"": 0, ""unexpected_field_count"": 0}"
dbnf_version_drift,,,,,,,,,,,,,,,version_drift,canon::virtual_payment_address,virtual_payment_address,upi:vpa,all-MiniLM-L6-v2,all-MiniLM-L6-v2,384,0.06765705948940626,0.25,False,False,simulated_perturbation,,,"{""candidate_delta_count"": 0, ""missing_required_count"": 0, ""unexpected_field_count"": 0}"
